player_name,date,surface,player_type,player_rank,player_rank_points,r_bp_created_mean,r_bp_converted_mean,r_bp_faced_mean,r_bp_saved_mean,r_bp_conv_rate,r_bp_save_rate,r_win_rate,r_matches_played
Sjeng Schalken,2005-07-18,Hard,Counter-Puncher,202.0,195.0,7.375,2.9375,7.375,4.0,0.3983050847457627,0.5423728813559322,0.4375,16.0
David Sanchez,2005-09-26,Clay,Unknown,138.0,302.0,7.5,3.25,8.0,4.1,0.43333333333333335,0.5125,0.45,20.0
Thomas Enqvist,2005-10-24,Carpet,All-Court Balanced,157.0,249.0,6.388888888888889,2.6666666666666665,8.555555555555555,5.388888888888889,0.41739130434782606,0.6298701298701299,0.3333333333333333,18.0
Alexander Popp,2005-10-24,Carpet,All-Court Balanced,241.0,147.0,5.375,1.6875,8.4375,4.875,0.313953488372093,0.5777777777777777,0.25,16.0
Mariano Puerta,2005-11-14,Carpet,Counter-Puncher,10.0,1799.0,4.85,1.6,6.9,4.45,0.32989690721649484,0.644927536231884,0.45,20.0
Gregory Carraz,2006-01-02,Hard,Unknown,167.0,233.0,4.733333333333333,1.5333333333333334,6.333333333333333,3.8666666666666667,0.323943661971831,0.6105263157894737,0.26666666666666666,15.0
Sargis Sargsian,2006-02-27,Hard,All-Court Balanced,391.0,74.0,3.3846153846153846,1.5384615384615385,8.76923076923077,4.384615384615385,0.45454545454545453,0.5,0.23076923076923078,13.0
Albert Costa,2006-04-24,Clay,Counter-Puncher,249.0,143.0,6.7,2.55,8.6,5.1,0.3805970149253731,0.5930232558139535,0.4,20.0
Irakli Labadze,2006-06-26,Grass,Counter-Puncher,166.0,249.0,5.2631578947368425,2.263157894736842,8.210526315789474,5.315789473684211,0.43,0.6474358974358975,0.3684210526315789,19.0
Tomas Behrend,2006-07-17,Hard,Baseline Grinder,152.0,270.0,6.1,2.6,7.7,3.85,0.4262295081967213,0.5,0.3,20.0
Alex Calatrava,2006-07-24,Clay,Unknown,188.0,214.0,6.15,2.2,7.85,4.65,0.35772357723577236,0.5923566878980892,0.2,20.0
Greg Rusedski,2006-08-28,Hard,All-Court Balanced,136.0,310.0,4.55,1.75,6.8,3.75,0.38461538461538464,0.5514705882352942,0.3,20.0
Jeff Morrison,2006-08-28,Hard,Unknown,157.0,260.0,6.45,2.45,6.65,3.65,0.3798449612403101,0.5488721804511278,0.3,20.0
Mark Philippoussis,2006-08-28,Hard,All-Court Balanced,113.0,381.0,6.0,2.05,5.7,3.45,0.3416666666666667,0.6052631578947368,0.55,20.0
Andre Agassi,2006-08-28,Hard,Counter-Puncher,39.0,925.0,7.55,2.7,5.9,3.55,0.3576158940397351,0.6016949152542372,0.55,20.0
Razvan Sabau,2006-09-11,Clay,Unknown,163.0,255.0,4.45,1.85,10.35,5.9,0.4157303370786517,0.5700483091787439,0.15,20.0
Edgardo Massa,2006-10-02,Hard,Unknown,240.0,163.0,6.0625,2.375,7.9375,4.875,0.3917525773195876,0.6141732283464567,0.375,16.0
Jiri Novak,2006-10-23,Carpet,Counter-Puncher,122.0,361.0,6.7,2.4,6.65,3.85,0.3582089552238806,0.5789473684210527,0.45,20.0
Alan Mackin,2007-01-15,Hard,Baseline Grinder,270.0,147.0,4.25,2.0,12.25,7.0,0.47058823529411764,0.5714285714285714,0.0,8.0
Cyril Saulnier,2007-02-12,Hard,Unknown,259.0,151.0,4.6,1.85,6.55,4.0,0.40217391304347827,0.6106870229007634,0.35,20.0
Paradorn Srichaphan,2007-03-19,Hard,All-Court Balanced,83.0,485.0,5.25,1.55,5.75,3.5,0.29523809523809524,0.6086956521739131,0.45,20.0
Jan Michael Gambill,2007-04-09,Clay,All-Court Balanced,671.0,25.0,4.888888888888889,1.3333333333333333,6.166666666666667,3.8333333333333335,0.2727272727272727,0.6216216216216216,0.3333333333333333,18.0
Lars Burgsmuller,2007-04-09,Clay,Unknown,263.0,150.0,5.15,2.2,7.8,4.3,0.42718446601941745,0.5512820512820513,0.25,20.0
Albert Portas,2007-04-15,Clay,Unknown,131.0,340.0,6.2,2.75,8.2,4.75,0.4435483870967742,0.5792682926829268,0.45,20.0
Juan Antonio Marin,2007-04-23,Clay,Counter-Puncher,259.0,148.0,6.45,2.85,6.8,3.2,0.4418604651162791,0.47058823529411764,0.3,20.0
Tobias Summerer,2007-05-14,Clay,Unknown,219.0,176.0,4.625,1.625,8.875,4.875,0.35135135135135137,0.5492957746478874,0.125,8.0
Bohdan Ulihrach,2007-06-25,Grass,Counter-Puncher,145.0,291.0,7.833333333333333,2.25,9.5,5.583333333333333,0.2872340425531915,0.5877192982456141,0.16666666666666666,12.0
Wayne Arthurs,2007-06-25,Grass,All-Court Balanced,195.0,219.0,4.8,1.7,5.3,3.15,0.3541666666666667,0.5943396226415094,0.45,20.0
Daniele Bracciali,2007-07-09,Grass,Unknown,139.0,305.0,4.75,1.45,6.65,3.9,0.30526315789473685,0.5864661654135338,0.35,20.0
Antony Dupuis,2007-07-09,Grass,Unknown,221.0,177.0,5.05,1.8,5.0,3.0,0.3564356435643564,0.6,0.45,20.0
Federico Luzzi,2007-07-23,Clay,Counter-Puncher,111.0,385.0,6.375,2.4375,8.9375,4.9375,0.38235294117647056,0.5524475524475524,0.3125,16.0
Felix Mantilla,2007-07-23,Clay,Counter-Puncher,421.0,72.0,7.8,3.6,9.3,5.4,0.46153846153846156,0.5806451612903226,0.45,20.0
Nathan Healey,2007-07-29,Hard,Unknown,173.0,245.0,7.25,2.4375,7.125,4.625,0.33620689655172414,0.6491228070175439,0.375,16.0
Alexander Waske,2007-08-27,Hard,All-Court Balanced,139.0,303.0,3.2,1.4,6.3,3.9,0.4375,0.6190476190476191,0.25,20.0
Juan Pablo Guzman,2007-08-27,Hard,Unknown,132.0,321.0,6.133333333333334,2.2666666666666666,7.133333333333334,4.066666666666666,0.3695652173913043,0.5700934579439252,0.3333333333333333,15.0
Paul Goldstein,2007-08-27,Hard,Unknown,97.0,424.0,7.55,3.25,8.85,5.15,0.4304635761589404,0.5819209039548022,0.4,20.0
Tim Henman,2007-08-27,Hard,All-Court Balanced,91.0,445.0,7.4,3.15,8.3,5.3,0.42567567567567566,0.6385542168674698,0.35,20.0
Davide Sanguinetti,2007-09-24,Hard,Counter-Puncher,253.0,148.0,5.7,2.05,7.45,4.5,0.35964912280701755,0.6040268456375839,0.3,20.0
Wesley Moodie,2007-10-01,Hard,Baseline Grinder,157.0,274.0,3.85,1.55,5.1,3.15,0.4025974025974026,0.6176470588235294,0.45,20.0
Kenneth Carlsen,2007-10-07,Hard,All-Court Balanced,304.0,117.0,5.7,2.0,5.55,3.15,0.3508771929824561,0.5675675675675675,0.4,20.0
Peter Wessels,2007-10-07,Hard,Unknown,200.0,212.0,6.4,2.25,6.2,4.05,0.3515625,0.6532258064516129,0.45,20.0
Justin Gimelstob,2007-10-22,Carpet,Unknown,549.0,40.0,3.9,1.25,8.05,4.85,0.32051282051282054,0.6024844720496895,0.15,20.0
Tomas Cakl,2008-01-07,Hard,Unknown,283.0,135.0,3.888888888888889,1.4444444444444444,7.666666666666667,4.555555555555555,0.37142857142857144,0.5942028985507246,0.2222222222222222,9.0
Konstantinos Economidis,2008-01-14,Hard,Unknown,142.0,299.0,4.9,1.4,7.9,4.0,0.2857142857142857,0.5063291139240507,0.1,10.0
Alun Jones,2008-01-14,Hard,Unknown,137.0,313.0,8.375,3.5,9.875,5.375,0.417910447761194,0.5443037974683544,0.375,8.0
Adrian Garcia,2008-01-28,Clay,Counter-Puncher,213.0,193.0,4.909090909090909,1.9090909090909092,7.454545454545454,3.727272727272727,0.3888888888888889,0.5,0.09090909090909091,11.0
Mariano Zabaleta,2008-01-28,Clay,Counter-Puncher,118.0,366.0,9.1,3.25,8.1,4.6,0.35714285714285715,0.5679012345679012,0.45,20.0
Diego Hartfield,2008-04-14,Clay,Counter-Puncher,137.0,323.0,7.7,2.8,7.5,4.2,0.36363636363636365,0.56,0.35,20.0
Hugo Armando,2008-04-14,Clay,Unknown,205.0,192.0,5.5625,1.875,7.1875,4.375,0.33707865168539325,0.6086956521739131,0.25,16.0
Rainer Eitzinger,2008-05-18,Clay,Unknown,263.0,140.0,6.625,2.875,7.125,4.25,0.4339622641509434,0.5964912280701754,0.375,8.0
Michal Tabara,2008-05-18,Clay,Unknown,596.0,36.0,8.857142857142858,3.2142857142857144,9.357142857142858,4.785714285714286,0.3629032258064516,0.5114503816793893,0.2857142857142857,14.0
Gustavo Kuerten,2008-05-25,Clay,All-Court Balanced,1141.0,5.0,5.05,1.5,7.25,4.05,0.297029702970297,0.5586206896551724,0.2,20.0
Michal Mertinak,2008-06-09,Clay,Unknown,555.0,42.0,5.909090909090909,2.727272727272727,6.545454545454546,4.0,0.46153846153846156,0.6111111111111112,0.36363636363636365,11.0
Werner Eschauer,2008-07-14,Clay,Counter-Puncher,218.0,179.0,4.7,1.7,7.25,3.8,0.3617021276595745,0.5241379310344828,0.1,20.0
Martin Verkerk,2008-07-14,Clay,All-Court Balanced,270.0,136.0,2.727272727272727,0.7272727272727273,6.2727272727272725,3.3636363636363638,0.26666666666666666,0.5362318840579711,0.0,11.0
Guillermo Coria,2008-07-14,Clay,Counter-Puncher,564.0,41.0,8.25,3.85,9.8,5.05,0.4666666666666667,0.5153061224489796,0.25,20.0
Kristian Pless,2008-07-14,Hard,All-Court Balanced,128.0,371.0,5.0,1.95,7.15,4.2,0.39,0.5874125874125874,0.2,20.0
Dusan Vemic,2008-08-04,Hard,Unknown,178.0,229.0,7.333333333333333,2.388888888888889,6.5,4.055555555555555,0.32575757575757575,0.6239316239316239,0.4444444444444444,18.0
Zack Fleishman,2008-08-04,Hard,Unknown,437.0,67.0,4.733333333333333,2.066666666666667,7.2,4.0,0.43661971830985913,0.5555555555555556,0.3333333333333333,15.0
Max Mirnyi,2008-08-11,Hard,All-Court Balanced,373.0,84.0,5.5,1.8,5.7,3.1,0.32727272727272727,0.543859649122807,0.3,20.0
Tomas Zib,2008-08-25,Hard,Baseline Grinder,292.0,124.0,4.2,1.65,7.7,4.3,0.39285714285714285,0.5584415584415584,0.3,20.0
Luis Horna,2008-08-25,Hard,Unknown,95.0,484.0,5.45,1.95,6.4,3.55,0.3577981651376147,0.5546875,0.35,20.0
Sam Warburg,2008-08-25,Hard,Unknown,169.0,255.0,5.714285714285714,2.2142857142857144,6.5,3.5,0.3875,0.5384615384615384,0.35714285714285715,14.0
Robert Smeets,2008-09-22,Hard,Unknown,168.0,255.0,5.25,1.5,11.125,7.0,0.2857142857142857,0.6292134831460674,0.125,8.0
Jonas Bjorkman,2008-10-06,Hard,Counter-Puncher,173.0,248.0,4.65,1.9,6.3,3.35,0.40860215053763443,0.5317460317460317,0.35,20.0
Thomas Johansson,2008-10-06,Hard,All-Court Balanced,87.0,521.0,6.0,2.05,8.45,5.5,0.3416666666666667,0.650887573964497,0.4,20.0
Lukas Dlouhy,2009-01-05,Hard,Unknown,180.0,452.0,6.4,2.3,8.35,5.0,0.359375,0.5988023952095808,0.3,20.0
Hyung Taik Lee,2009-01-05,Hard,Counter-Puncher,115.0,864.0,7.55,3.0,8.3,4.7,0.3973509933774834,0.5662650602409639,0.35,20.0
Bjorn Rehnquist,2009-01-19,Hard,Unknown,191.0,442.0,5.777777777777778,2.2222222222222223,8.222222222222221,4.333333333333333,0.38461538461538464,0.527027027027027,0.3333333333333333,9.0
Boris Pashanski,2009-02-02,Clay,Unknown,166.0,496.0,4.85,2.0,7.7,3.9,0.41237113402061853,0.5064935064935064,0.3,20.0
Andrea Stoppini,2009-02-09,Hard,Unknown,209.0,381.0,4.333333333333333,2.3333333333333335,9.0,5.666666666666667,0.5384615384615384,0.6296296296296297,0.3333333333333333,9.0
Flavio Saretta,2009-02-09,Clay,Counter-Puncher,544.0,90.0,7.15,3.0,9.75,6.3,0.4195804195804196,0.6461538461538462,0.45,20.0
George Bastl,2009-02-16,Hard,Baseline Grinder,227.0,332.0,5.4,1.8,6.75,3.75,0.3333333333333333,0.5555555555555556,0.3,20.0
Todd Widom,2009-03-12,Hard,Unknown,232.0,326.0,5.5,2.25,7.25,4.125,0.4090909090909091,0.5689655172413793,0.625,8.0
Oliver Marach,2009-04-06,Clay,Unknown,464.0,114.0,4.3,1.7,7.5,4.4,0.3953488372093023,0.5866666666666667,0.35,20.0
Scoville Jenkins,2009-04-06,Clay,Baseline Grinder,202.0,383.0,6.578947368421052,2.3684210526315788,10.526315789473685,6.473684210526316,0.36,0.615,0.3157894736842105,19.0
Robin Vik,2009-05-17,Clay,Baseline Grinder,378.0,154.0,6.65,3.2,8.65,4.7,0.48120300751879697,0.5433526011560693,0.25,20.0
Jiri Vanek,2009-05-25,Clay,Counter-Puncher,155.0,487.0,5.55,2.5,10.5,6.4,0.45045045045045046,0.6095238095238096,0.35,20.0
Mathieu Montcourt,2009-05-25,Clay,Unknown,123.0,636.0,7.142857142857143,3.0714285714285716,7.928571428571429,3.7142857142857144,0.43,0.46846846846846846,0.35714285714285715,14.0
Fernando Vicente,2009-06-08,Grass,Unknown,268.0,245.0,6.5,1.7,9.55,5.15,0.26153846153846155,0.5392670157068062,0.1,20.0
Joseph Sirianni,2009-06-08,Grass,Unknown,254.0,273.0,5.8125,1.75,6.625,4.1875,0.3010752688172043,0.6320754716981132,0.375,16.0
Raemon Sluiter,2009-06-14,Grass,Unknown,866.0,23.0,4.95,2.1,5.0,2.7,0.42424242424242425,0.54,0.5,20.0
Dick Norman,2009-06-14,Grass,Unknown,263.0,246.0,5.6,1.9,9.1,6.05,0.3392857142857143,0.6648351648351648,0.3,20.0
Roko Karanusic,2009-06-22,Grass,Unknown,110.0,676.0,8.8,3.2,8.6,4.85,0.36363636363636365,0.563953488372093,0.3,20.0
Luka Gregorc,2009-06-22,Grass,Unknown,195.0,355.0,5.0,2.6666666666666665,5.916666666666667,3.1666666666666665,0.5333333333333333,0.5352112676056338,0.5,12.0
Agustin Calleri,2009-06-22,Grass,Counter-Puncher,148.0,495.0,4.55,2.05,7.9,4.75,0.45054945054945056,0.6012658227848101,0.25,20.0
Guillermo Canas,2009-07-13,Clay,Counter-Puncher,151.0,452.0,6.3,2.6,9.05,5.6,0.4126984126984127,0.6187845303867403,0.2,20.0
Sergio Roitman,2009-07-27,Clay,Unknown,121.0,563.0,5.75,1.85,8.4,4.4,0.3217391304347826,0.5238095238095238,0.2,20.0
Sebastien De Chaunac,2009-09-21,Hard,Unknown,144.0,424.0,5.947368421052632,2.210526315789474,8.0,4.7368421052631575,0.37168141592920356,0.5921052631578947,0.3157894736842105,19.0
Andrei Pavel,2009-09-21,Clay,Counter-Puncher,646.0,40.0,4.9,2.15,7.35,3.9,0.4387755102040816,0.5306122448979592,0.3,20.0
Takao Suzuki,2009-10-05,Hard,All-Court Balanced,355.0,116.0,4.363636363636363,1.9090909090909092,4.363636363636363,3.090909090909091,0.4375,0.7083333333333334,0.5454545454545454,11.0
Jerome Haehnel,2009-10-26,Hard,Unknown,675.0,30.0,5.666666666666667,1.8666666666666667,8.0,3.533333333333333,0.32941176470588235,0.44166666666666665,0.06666666666666667,15.0
Marat Safin,2009-11-08,Hard,All-Court Balanced,65.0,695.0,5.95,2.3,5.55,3.35,0.3865546218487395,0.6036036036036037,0.5,20.0
Younes El Aynaoui,2010-01-04,Hard,Big-Serve Aggressor,,,5.05,1.8,5.4,3.1,0.3564356435643564,0.5740740740740741,0.5,20.0
Fabrice Santoro,2010-01-18,Hard,Counter-Puncher,67.0,645.0,7.45,2.85,7.45,4.65,0.3825503355704698,0.6241610738255033,0.4,20.0
Dominik Hrbaty,2010-02-01,Hard,All-Court Balanced,154.0,324.0,6.1,3.0,8.65,4.5,0.4918032786885246,0.5202312138728323,0.3,20.0
Harel Levy,2010-02-01,Hard,Counter-Puncher,118.0,468.0,5.777777777777778,1.8888888888888888,7.444444444444445,3.888888888888889,0.3269230769230769,0.5223880597014925,0.1111111111111111,9.0
Martin Vassallo Arguello,2010-02-08,Clay,Unknown,102.0,515.0,4.55,1.8,8.65,5.2,0.3956043956043956,0.6011560693641619,0.15,20.0
Gaston Gaudio,2010-02-15,Clay,Counter-Puncher,174.0,285.0,6.75,2.75,9.7,4.95,0.4074074074074074,0.5103092783505154,0.25,20.0
Vincent Spadea,2010-02-22,Hard,Baseline Grinder,361.0,106.0,5.2,2.1,7.75,3.85,0.40384615384615385,0.4967741935483871,0.25,20.0
Sebastien Grosjean,2010-02-22,Hard,All-Court Balanced,559.0,46.0,6.25,1.9,8.3,5.15,0.304,0.6204819277108434,0.2,20.0
Mario Ancic,2010-05-02,Clay,All-Court Balanced,422.0,79.0,8.6,2.75,5.5,3.1,0.31976744186046513,0.5636363636363636,0.6,20.0
David Marrero,2010-05-03,Clay,Unknown,262.0,171.0,7.875,1.875,7.875,4.875,0.23809523809523808,0.6190476190476191,0.375,8.0
Alberto Martin,2010-05-03,Clay,Counter-Puncher,136.0,375.0,5.6,2.25,7.85,4.65,0.4017857142857143,0.5923566878980892,0.35,20.0
Alessio Di Mauro,2010-05-03,Clay,Unknown,257.0,177.0,5.5,2.3,9.65,5.4,0.41818181818181815,0.5595854922279793,0.3,20.0
Carlos Moya,2010-05-09,Clay,Counter-Puncher,514.0,55.0,5.1,1.85,6.0,3.6,0.3627450980392157,0.6,0.45,20.0
Nicolas Lapentti,2010-05-24,Clay,Counter-Puncher,129.0,395.0,7.85,2.65,9.6,5.15,0.3375796178343949,0.5364583333333334,0.25,20.0
Dieter Kindlmann,2010-05-24,Clay,Unknown,162.0,297.0,5.7,2.1,11.9,6.7,0.3684210526315789,0.5630252100840336,0.1,10.0
Daniel Koellerer,2010-06-07,Grass,Unknown,109.0,450.0,5.95,2.45,8.35,4.7,0.4117647058823529,0.562874251497006,0.35,20.0
Noam Okun,2010-06-07,Grass,Unknown,273.0,162.0,8.1875,2.875,8.5625,5.5625,0.3511450381679389,0.6496350364963503,0.25,16.0
Ramon Delgado,2010-06-21,Grass,Unknown,143.0,362.0,4.0,2.0,6.5,3.5,0.5,0.5384615384615384,0.35,20.0
Jesse Witten,2010-06-21,Grass,Unknown,186.0,257.0,9.4,3.9,9.2,4.5,0.4148936170212766,0.4891304347826087,0.2,10.0
Oscar Hernandez,2010-06-21,Grass,Unknown,125.0,419.0,3.95,1.35,8.7,5.15,0.34177215189873417,0.5919540229885057,0.15,20.0
Nicolas Kiefer,2010-06-21,Grass,All-Court Balanced,178.0,262.0,4.4,2.0,6.7,4.3,0.45454545454545453,0.6417910447761194,0.45,20.0
Brendan Evans,2010-06-21,Grass,Unknown,318.0,125.0,5.421052631578948,1.6842105263157894,8.052631578947368,4.947368421052632,0.3106796116504854,0.6143790849673203,0.3157894736842105,19.0
Christophe Rochus,2010-07-19,Clay,Baseline Grinder,160.0,302.0,5.75,2.1,9.0,4.6,0.3652173913043478,0.5111111111111111,0.1,20.0
Nick Lindahl,2010-07-19,Hard,Unknown,244.0,188.0,4.0,1.125,8.875,4.75,0.28125,0.5352112676056338,0.125,8.0
Olivier Patience,2010-07-26,Clay,Unknown,199.0,239.0,4.55,1.65,7.3,3.75,0.3626373626373626,0.5136986301369864,0.25,20.0
Kevin Kim,2010-08-01,Hard,Unknown,151.0,334.0,6.05,2.2,7.25,4.1,0.36363636363636365,0.5655172413793104,0.3,20.0
Kristof Vliegen,2010-09-20,Hard,All-Court Balanced,307.0,139.0,5.65,2.05,7.65,4.0,0.36283185840707965,0.5228758169934641,0.3,20.0
Thierry Ascione,2010-09-20,Hard,Unknown,238.0,199.0,5.0,1.4,8.05,4.6,0.28,0.5714285714285714,0.15,20.0
Santiago Ventura,2010-09-20,Clay,Unknown,139.0,378.0,6.1,2.6,9.0,5.1,0.4262295081967213,0.5666666666666667,0.3,20.0
Laurent Recouderc,2010-09-27,Hard,Unknown,207.0,239.0,6.142857142857143,2.0714285714285716,9.5,5.642857142857143,0.3372093023255814,0.5939849624060151,0.21428571428571427,14.0
Filip Prpic,2010-10-18,Hard,Unknown,310.0,138.0,5.444444444444445,2.0,8.333333333333334,4.888888888888889,0.3673469387755102,0.5866666666666667,0.2222222222222222,9.0
Edouard Roger Vasselin,2010-10-25,Hard,Counter-Puncher,128.0,436.0,6.55,2.4,7.2,3.65,0.366412213740458,0.5069444444444444,0.35,20.0
Taylor Dent,2010-10-25,Hard,All-Court Balanced,92.0,573.0,5.35,2.2,7.65,4.65,0.411214953271028,0.6078431372549019,0.4,20.0
Simon Stadler,2011-01-17,Hard,Unknown,288.0,155.0,7.066666666666666,2.6666666666666665,8.466666666666667,5.4,0.37735849056603776,0.6377952755905512,0.4,15.0
Carsten Ball,2011-01-17,Hard,Unknown,158.0,344.0,6.0,1.95,8.4,5.6,0.325,0.6666666666666666,0.4,20.0
Stefan Koubek,2011-01-31,Hard,Baseline Grinder,173.0,312.0,7.25,2.7,7.95,4.5,0.3724137931034483,0.5660377358490566,0.3,20.0
Stefano Galvani,2011-01-31,Hard,Unknown,321.0,143.0,6.85,3.05,8.05,4.1,0.44525547445255476,0.5093167701863354,0.3,20.0
Yuri Schukin,2011-01-31,Hard,Unknown,127.0,448.0,6.1,2.55,7.65,4.7,0.4180327868852459,0.6143790849673203,0.4,20.0
Jose Acasuso,2011-02-14,Clay,Big-Serve Aggressor,256.0,184.0,7.2,2.55,6.7,4.25,0.3541666666666667,0.6343283582089553,0.45,20.0
Juan Pablo Brzezicki,2011-02-14,Clay,Unknown,196.0,275.0,7.7,3.35,9.55,5.35,0.43506493506493504,0.5602094240837696,0.25,20.0
Simon Greul,2011-04-18,Clay,Unknown,125.0,443.0,6.1,2.35,8.15,5.0,0.38524590163934425,0.6134969325153374,0.4,20.0
Marcos Daniel,2011-04-25,Clay,Counter-Puncher,147.0,407.0,4.05,1.5,8.45,4.8,0.37037037037037035,0.5680473372781065,0.2,20.0
Alexander Peya,2011-04-25,Clay,Unknown,311.0,153.0,6.95,2.35,7.15,4.25,0.3381294964028777,0.5944055944055944,0.3,20.0
Dominik Meffert,2011-06-06,Grass,Unknown,204.0,260.0,6.333333333333333,2.1666666666666665,6.666666666666667,4.25,0.34210526315789475,0.6375,0.4166666666666667,12.0
Rainer Schuettler,2011-06-20,Grass,Counter-Puncher,113.0,481.0,5.6,2.5,8.8,5.75,0.44642857142857145,0.6534090909090909,0.35,20.0
Brian Dabul,2011-07-04,Grass,Unknown,164.0,332.0,5.05,1.55,6.0,3.4,0.3069306930693069,0.5666666666666667,0.35,20.0
Richard Bloomfield,2011-07-04,Grass,Unknown,332.0,127.0,3.230769230769231,1.2307692307692308,5.6923076923076925,3.8461538461538463,0.38095238095238093,0.6756756756756757,0.3076923076923077,13.0
Alex Bogdanovic,2011-07-04,Grass,Baseline Grinder,403.0,92.0,5.0,1.5,5.9,3.25,0.3,0.5508474576271186,0.25,20.0
Robin Soderling,2011-07-11,Clay,All-Court Balanced,5.0,4325.0,7.85,3.6,6.35,4.05,0.4585987261146497,0.6377952755905512,0.8,20.0
Peter Luczak,2011-07-25,Clay,Unknown,248.0,194.0,4.15,1.45,7.85,4.65,0.3493975903614458,0.5923566878980892,0.25,20.0
Simone Vagnozzi,2011-07-25,Clay,Unknown,192.0,281.0,7.875,3.125,7.375,3.375,0.3968253968253968,0.4576271186440678,0.375,8.0
Michael Lammer,2011-10-31,Hard,Unknown,327.0,133.0,6.95,2.55,8.85,4.65,0.3669064748201439,0.5254237288135594,0.25,20.0
Denis Gremelmayr,2012-01-02,Hard,Counter-Puncher,189.0,262.0,4.4,1.5,8.3,4.55,0.3409090909090909,0.5481927710843374,0.25,20.0
Robert Kendrick,2012-02-20,Hard,All-Court Balanced,546.0,50.0,5.15,1.5,6.75,3.9,0.2912621359223301,0.5777777777777777,0.25,20.0
Santiago Gonzalez,2012-02-27,Clay,Unknown,,,3.75,1.5,7.625,4.0,0.4,0.5245901639344263,0.125,8.0
Amer Delic,2012-03-08,Hard,Unknown,178.0,285.0,4.1,1.3,6.45,4.6,0.3170731707317073,0.7131782945736435,0.45,20.0
Fernando Gonzalez,2012-03-21,Hard,All-Court Balanced,221.0,220.0,5.05,1.8,6.65,4.0,0.3564356435643564,0.6015037593984962,0.4,20.0
Ivan Ljubicic,2012-04-15,Clay,All-Court Balanced,53.0,840.0,4.45,1.65,5.75,3.35,0.3707865168539326,0.5826086956521739,0.5,20.0
Jean Rene Lisnard,2012-04-15,Clay,Baseline Grinder,393.0,99.0,7.95,2.9,10.65,6.0,0.36477987421383645,0.5633802816901409,0.3,20.0
Robert Farah,2012-04-30,Clay,Unknown,210.0,238.0,5.5,2.125,11.125,6.375,0.38636363636363635,0.5730337078651685,0.25,8.0
Diego Junqueira,2012-04-30,Clay,Unknown,144.0,376.0,4.4,1.95,9.05,4.5,0.4431818181818182,0.4972375690607735,0.25,20.0
Ivan Navarro,2012-04-30,Clay,Unknown,232.0,212.0,3.85,1.35,5.0,2.9,0.35064935064935066,0.58,0.3,20.0
Eric Prodon,2012-05-27,Clay,Unknown,115.0,482.0,5.285714285714286,1.2857142857142858,9.357142857142858,5.214285714285714,0.24324324324324326,0.5572519083969466,0.0,14.0
Arnaud Clement,2012-05-27,Clay,Counter-Puncher,139.0,400.0,7.25,2.85,7.75,4.65,0.3931034482758621,0.6,0.4,20.0
Nicolas Devilder,2012-05-27,Clay,Baseline Grinder,286.0,159.0,8.3,3.1,10.75,7.0,0.37349397590361444,0.6511627906976745,0.3,20.0
Josh Goodall,2012-06-25,Grass,Unknown,215.0,229.0,3.272727272727273,1.1818181818181819,6.818181818181818,4.0,0.3611111111111111,0.5866666666666667,0.09090909090909091,11.0
Juan Ignacio Chela,2012-06-25,Grass,Counter-Puncher,83.0,620.0,7.3,3.2,10.2,5.55,0.4383561643835616,0.5441176470588235,0.25,20.0
Izak Van Der Merwe,2012-07-09,Grass,Baseline Grinder,155.0,339.0,5.6923076923076925,1.6153846153846154,5.769230769230769,3.3846153846153846,0.28378378378378377,0.5866666666666667,0.46153846153846156,13.0
Ivo Minar,2012-07-09,Clay,Baseline Grinder,216.0,229.0,5.7,2.5,7.75,4.55,0.43859649122807015,0.5870967741935483,0.35,20.0
Thiago Alves,2012-07-09,Clay,Unknown,138.0,381.0,6.1,2.3,9.2,4.95,0.3770491803278688,0.5380434782608695,0.2,20.0
Frederico Gil,2012-07-09,Clay,Unknown,114.0,482.0,6.25,2.85,7.5,4.4,0.456,0.5866666666666667,0.45,20.0
Michael Ryderstedt,2012-07-09,Clay,Unknown,340.0,131.0,4.066666666666666,1.4,6.6,4.466666666666667,0.3442622950819672,0.6767676767676768,0.3333333333333333,15.0
Eduardo Schwank,2012-07-09,Clay,Unknown,139.0,377.0,4.9,2.2,6.95,4.05,0.4489795918367347,0.5827338129496403,0.35,20.0
Sergei Bubka,2012-07-16,Hard,Unknown,146.0,360.0,4.4375,1.625,4.875,2.375,0.36619718309859156,0.48717948717948717,0.3125,16.0
Pavol Cervenak,2012-07-22,Clay,Unknown,204.0,246.0,5.25,3.375,9.25,5.75,0.6428571428571429,0.6216216216216216,0.625,8.0
Karol Beck,2012-08-27,Hard,Baseline Grinder,143.0,370.0,4.95,1.5,7.45,4.2,0.30303030303030304,0.5637583892617449,0.25,20.0
Andy Roddick,2012-08-27,Hard,All-Court Balanced,22.0,1600.0,6.05,2.2,3.65,2.2,0.36363636363636365,0.6027397260273972,0.75,20.0
Danai Udomchoke,2012-09-24,Hard,Unknown,145.0,373.0,5.45,2.25,9.15,4.85,0.41284403669724773,0.5300546448087432,0.15,20.0
Michael Yani,2012-09-24,Hard,Unknown,238.0,198.0,5.5625,1.875,7.1875,4.0625,0.33707865168539325,0.5652173913043478,0.25,16.0
Juan Carlos Ferrero,2012-10-21,Hard,Counter-Puncher,161.0,325.0,8.15,2.25,8.0,4.6,0.27607361963190186,0.575,0.35,20.0
Nicolas Massu,2013-02-04,Clay,Counter-Puncher,578.0,44.0,6.1,2.95,10.9,6.8,0.48360655737704916,0.6238532110091743,0.35,20.0
Gianluca Naso,2013-02-04,Clay,Unknown,200.0,232.0,6.153846153846154,1.3846153846153846,8.153846153846153,5.153846153846154,0.225,0.6320754716981132,0.23076923076923078,13.0
Rik De Voest,2013-02-11,Hard,Unknown,338.0,126.0,5.55,2.25,8.3,5.05,0.40540540540540543,0.608433734939759,0.3,20.0
Ryan Sweeting,2013-02-11,Hard,Unknown,156.0,347.0,5.7,2.0,5.95,4.1,0.3508771929824561,0.6890756302521008,0.45,20.0
Paul Capdeville,2013-02-11,Clay,Counter-Puncher,151.0,363.0,6.8,2.85,8.65,5.05,0.41911764705882354,0.5838150289017341,0.25,20.0
Ricardo Mello,2013-02-11,Clay,Unknown,346.0,121.0,6.0,2.2,8.9,5.35,0.36666666666666664,0.601123595505618,0.25,20.0
Igor Kunitsyn,2013-02-25,Hard,Unknown,167.0,322.0,5.35,2.05,8.55,4.85,0.38317757009345793,0.5672514619883041,0.2,20.0
David Nalbandian,2013-03-20,Hard,Counter-Puncher,124.0,430.0,6.6,2.8,7.15,4.05,0.42424242424242425,0.5664335664335665,0.5,20.0
Josselin Ouanna,2013-04-08,Clay,Unknown,156.0,333.0,5.1,1.65,7.3,4.3,0.3235294117647059,0.589041095890411,0.4,20.0
Javier Marti,2013-05-05,Clay,Unknown,211.0,223.0,8.25,3.0833333333333335,8.833333333333334,4.083333333333333,0.37373737373737376,0.46226415094339623,0.16666666666666666,12.0
Jamie Baker,2013-06-10,Grass,Unknown,295.0,152.0,4.777777777777778,1.7222222222222223,8.944444444444445,5.222222222222222,0.36046511627906974,0.5838509316770186,0.16666666666666666,18.0
Stephane Bohli,2013-06-16,Grass,Unknown,401.0,91.0,4.2105263157894735,1.2105263157894737,6.894736842105263,3.8947368421052633,0.2875,0.5648854961832062,0.10526315789473684,19.0
Olivier Rochus,2013-06-24,Grass,Counter-Puncher,143.0,380.0,4.5,2.1,8.25,4.8,0.4666666666666667,0.5818181818181818,0.2,20.0
Igor Andreev,2013-06-24,Grass,Counter-Puncher,416.0,87.0,6.0,2.1,5.1,2.7,0.35,0.5294117647058824,0.35,20.0
Flavio Cipolla,2013-07-08,Grass,Unknown,147.0,377.0,6.2,2.7,9.4,5.1,0.43548387096774194,0.5425531914893617,0.35,20.0
Prakash Amritraj,2013-07-08,Grass,Unknown,308.0,142.0,5.85,2.2,5.4,3.4,0.37606837606837606,0.6296296296296297,0.5,20.0
Andreas Vinciguerra,2013-07-08,Clay,Counter-Puncher,572.0,47.0,5.222222222222222,2.5555555555555554,7.444444444444445,4.722222222222222,0.48936170212765956,0.6343283582089553,0.3888888888888889,18.0
Evgeny Korolev,2013-07-15,Hard,Baseline Grinder,181.0,263.0,7.3,2.55,7.7,4.65,0.3493150684931507,0.6038961038961039,0.35,20.0
Victor Crivoi,2013-07-22,Clay,Unknown,206.0,230.0,5.65,1.6,7.05,3.9,0.2831858407079646,0.5531914893617021,0.25,20.0
Jesse Levine,2013-08-05,Hard,Unknown,132.0,442.0,5.9,2.5,9.65,6.15,0.423728813559322,0.6373056994818653,0.3,20.0
Bobby Reynolds,2013-08-18,Hard,All-Court Balanced,133.0,428.0,5.9,1.9,9.15,5.85,0.3220338983050847,0.639344262295082,0.3,20.0
Xavier Malisse,2013-08-26,Hard,Counter-Puncher,113.0,495.0,6.25,2.25,7.3,4.0,0.36,0.547945205479452,0.35,20.0
James Blake,2013-08-26,Hard,Counter-Puncher,100.0,553.0,6.25,2.6,7.05,4.5,0.416,0.6382978723404256,0.4,20.0
Guillaume Rufin,2013-08-26,Hard,Unknown,91.0,589.0,8.35,2.95,8.9,5.45,0.3532934131736527,0.6123595505617978,0.4,20.0
Ilija Bozoljac,2013-10-14,Hard,Unknown,244.0,186.0,5.1,1.75,7.45,4.9,0.3431372549019608,0.6577181208053692,0.25,20.0
Joachim Johansson,2013-10-14,Hard,All-Court Balanced,,,4.35,1.45,3.7,3.05,0.3333333333333333,0.8243243243243243,0.7,20.0
Marc Gicquel,2014-02-03,Hard,Baseline Grinder,127.0,440.0,4.5,1.7,8.45,4.55,0.37777777777777777,0.5384615384615384,0.15,20.0
Bjorn Phau,2014-02-10,Hard,Baseline Grinder,223.0,219.0,6.65,2.45,7.05,3.75,0.3684210526315789,0.5319148936170213,0.35,20.0
Martin Alund,2014-02-10,Clay,Unknown,131.0,430.0,6.5,2.3125,9.1875,5.75,0.3557692307692308,0.6258503401360545,0.4375,16.0
Jan Hajek,2014-02-17,Hard,Unknown,111.0,505.0,5.25,2.1,8.3,4.75,0.4,0.572289156626506,0.3,20.0
Alex Bogomolov Jr,2014-04-07,Clay,Baseline Grinder,85.0,625.0,5.55,2.55,9.6,5.75,0.4594594594594595,0.5989583333333334,0.35,20.0
Ruben Ramirez Hidalgo,2014-04-07,Clay,Counter-Puncher,165.0,337.0,5.55,2.1,7.6,4.4,0.3783783783783784,0.5789473684210527,0.2,20.0
Potito Starace,2014-05-26,Clay,Counter-Puncher,176.0,304.0,5.35,1.5,7.4,4.85,0.2803738317757009,0.6554054054054054,0.35,20.0
Nikolay Davydenko,2014-05-26,Clay,Counter-Puncher,92.0,610.0,6.25,2.6,7.5,4.3,0.416,0.5733333333333334,0.4,20.0
Chris Guccione,2014-06-16,Grass,All-Court Balanced,613.0,45.0,3.15,1.15,4.85,3.25,0.36507936507936506,0.6701030927835051,0.35,20.0
Robby Ginepri,2014-08-17,Hard,Counter-Puncher,204.0,242.0,5.75,2.25,8.0,4.75,0.391304347826087,0.59375,0.35,20.0
Wayne Odesnik,2014-08-25,Hard,Counter-Puncher,176.0,293.0,6.45,2.75,10.6,6.1,0.4263565891472868,0.5754716981132075,0.3,20.0
Michael Llodra,2014-08-25,Hard,All-Court Balanced,192.0,256.0,5.05,1.65,5.95,3.6,0.32673267326732675,0.6050420168067226,0.4,20.0
Florent Serra,2014-09-15,Hard,Counter-Puncher,450.0,88.0,4.55,1.9,9.15,5.25,0.4175824175824176,0.5737704918032787,0.3,20.0
Philipp Petzschner,2014-09-22,Hard,All-Court Balanced,524.0,66.0,6.95,2.65,8.05,4.8,0.381294964028777,0.5962732919254659,0.4,20.0
Rhyne Williams,2015-01-04,Hard,Unknown,220.0,221.0,4.95,1.85,6.5,3.45,0.37373737373737376,0.5307692307692308,0.35,20.0
Jimmy Wang,2015-01-19,Hard,Counter-Puncher,118.0,485.0,7.5,3.35,8.9,4.85,0.44666666666666666,0.5449438202247191,0.4,20.0
Michael Russell,2015-01-19,Hard,Counter-Puncher,156.0,325.0,7.55,2.25,8.3,4.7,0.2980132450331126,0.5662650602409639,0.3,20.0
Antonio Veic,2015-02-02,Hard,Baseline Grinder,228.0,208.0,6.85,3.25,7.45,3.2,0.4744525547445255,0.42953020134228187,0.3,20.0
Jesse Huta Galung,2015-02-09,Hard,Unknown,248.0,194.0,5.1,1.8,6.95,3.85,0.35294117647058826,0.5539568345323741,0.2,20.0
Victor Hanescu,2015-03-12,Hard,Baseline Grinder,146.0,375.0,6.6,2.5,7.95,4.7,0.3787878787878788,0.5911949685534591,0.45,20.0
Mikhail Ledovskikh,2015-04-27,Clay,Unknown,417.0,100.0,5.0,1.75,7.1875,4.0625,0.35,0.5652173913043478,0.25,16.0
Rui Machado,2015-04-27,Clay,Unknown,227.0,216.0,5.9,2.25,7.9,3.85,0.3813559322033898,0.4873417721518987,0.15,20.0
Martin Fischer,2015-04-27,Clay,Unknown,335.0,133.0,7.5,2.85,8.65,4.5,0.38,0.5202312138728323,0.1,20.0
Mate Delic,2015-07-20,Clay,Baseline Grinder,326.0,140.0,3.3333333333333335,1.6666666666666667,7.222222222222222,4.222222222222222,0.5,0.5846153846153846,0.2222222222222222,9.0
Julian Reister,2015-07-27,Clay,All-Court Balanced,759.0,27.0,8.5,2.5,11.95,7.8,0.29411764705882354,0.6527196652719666,0.2,20.0
Marinko Matosevic,2015-08-03,Hard,Counter-Puncher,169.0,297.0,5.85,1.9,7.65,4.05,0.3247863247863248,0.5294117647058824,0.2,20.0
Mardy Fish,2015-08-31,Hard,All-Court Balanced,581.0,55.0,8.25,3.6,6.65,4.0,0.43636363636363634,0.6015037593984962,0.55,20.0
Andrey Golubev,2015-09-21,Hard,Counter-Puncher,154.0,344.0,4.95,1.95,7.95,4.8,0.3939393939393939,0.6037735849056604,0.25,20.0
Lukasz Kubot,2015-10-11,Hard,Counter-Puncher,614.0,48.0,6.7,2.2,8.35,5.35,0.3283582089552239,0.6407185628742516,0.35,20.0
Somdev Devvarman,2016-01-04,Hard,Baseline Grinder,177.0,284.0,5.9,2.4,8.45,4.8,0.4067796610169492,0.5680473372781065,0.2,20.0
Lleyton Hewitt,2016-01-18,Hard,All-Court Balanced,308.0,160.0,8.8,3.5,10.75,6.5,0.3977272727272727,0.6046511627906976,0.35,20.0
Pere Riba,2016-02-01,Clay,Unknown,228.0,236.0,3.4,1.3,8.1,4.45,0.38235294117647056,0.5493827160493827,0.15,20.0
David Guez,2016-02-15,Hard,Counter-Puncher,193.0,281.0,5.176470588235294,2.176470588235294,8.647058823529411,4.235294117647059,0.42045454545454547,0.4897959183673469,0.11764705882352941,17.0
Andreas Beck,2016-05-16,Clay,Unknown,338.0,138.0,5.35,1.75,8.6,4.8,0.32710280373831774,0.5581395348837209,0.15,20.0
Jan Hernych,2016-06-20,Grass,Baseline Grinder,324.0,146.0,6.55,2.4,8.5,5.35,0.366412213740458,0.6294117647058823,0.5,20.0
Albano Olivetti,2016-06-27,Grass,All-Court Balanced,793.0,24.0,3.5384615384615383,0.8461538461538461,6.230769230769231,3.923076923076923,0.2391304347826087,0.6296296296296297,0.38461538461538464,13.0
Alexander Kudryavtsev,2016-06-27,Grass,Unknown,179.0,302.0,5.368421052631579,2.0,6.157894736842105,3.3684210526315788,0.37254901960784315,0.5470085470085471,0.2631578947368421,19.0
Edouard Roger-Vasselin,2016-06-27,Grass,Unknown,186.0,290.0,7.85,2.7,7.95,4.1,0.34394904458598724,0.5157232704402516,0.35,20.0
Farrukh Dustov,2016-07-15,Clay,Baseline Grinder,225.0,240.0,4.25,1.875,7.625,3.5,0.4411764705882353,0.45901639344262296,0.0,8.0
Rohan Bopanna,2016-07-15,Grass,Unknown,,,3.45,1.0,5.7,3.85,0.2898550724637681,0.6754385964912281,0.25,20.0
Jarkko Nieminen,2016-07-15,Carpet,Baseline Grinder,623.0,43.0,6.5,2.9,9.0,5.55,0.4461538461538462,0.6166666666666667,0.35,20.0
Filippo Volandri,2016-07-18,Clay,Counter-Puncher,226.0,239.0,5.65,1.85,9.5,5.0,0.3274336283185841,0.5263157894736842,0.05,20.0
Daniel Munoz de la Nava,2016-07-18,Clay,Unknown,138.0,423.0,7.25,1.9,10.05,6.35,0.2620689655172414,0.6318407960199005,0.15,20.0
Alex Kuznetsov,2016-07-18,Hard,Big-Serve Aggressor,311.0,153.0,5.55,1.55,6.35,3.4,0.27927927927927926,0.5354330708661418,0.25,20.0
Igor Sijsling,2016-08-01,Hard,All-Court Balanced,114.0,543.0,6.6,2.75,7.9,4.75,0.4166666666666667,0.6012658227848101,0.35,20.0
Brian Baker,2016-08-29,Hard,Unknown,312.0,157.0,5.55,2.1,7.5,4.2,0.3783783783783784,0.56,0.25,20.0
Marc Lopez,2016-09-16,Hard,Counter-Puncher,,,7.714285714285714,2.642857142857143,8.428571428571429,4.857142857142857,0.3425925925925926,0.576271186440678,0.21428571428571427,14.0
Alexandre Sidorenko,2016-09-19,Hard,Unknown,255.0,205.0,6.25,2.0,7.833333333333333,4.833333333333333,0.32,0.6170212765957447,0.3333333333333333,12.0
Michael Berrer,2016-10-17,Hard,All-Court Balanced,154.0,384.0,5.65,1.85,8.3,5.15,0.3274336283185841,0.6204819277108434,0.35,20.0
Radek Stepanek,2017-01-16,Hard,Counter-Puncher,102.0,595.0,7.15,2.7,6.75,4.2,0.3776223776223776,0.6222222222222222,0.55,20.0
Mohammad Ghareeb,2017-02-03,Hard,Unknown,,,5.5,2.5,9.25,5.625,0.45454545454545453,0.6081081081081081,0.125,8.0
Ante Pavic,2017-02-03,Hard,Big-Serve Aggressor,486.0,77.0,5.769230769230769,1.3076923076923077,7.230769230769231,4.3076923076923075,0.22666666666666666,0.5957446808510638,0.23076923076923078,13.0
Alejandro Falla,2017-02-06,Clay,Baseline Grinder,310.0,161.0,6.65,2.7,6.45,3.45,0.40601503759398494,0.5348837209302325,0.45,20.0
Giovanni Lapentti,2017-02-06,Clay,Counter-Puncher,641.0,43.0,5.65,2.15,7.4,4.55,0.3805309734513274,0.6148648648648649,0.35,20.0
Inigo Cervantes Huegun,2017-02-27,Clay,Counter-Puncher,125.0,465.0,5.4,2.25,6.65,3.55,0.4166666666666667,0.5338345864661654,0.3,20.0
Joao Souza,2017-02-27,Clay,All-Court Balanced,131.0,449.0,4.05,1.55,6.6,3.55,0.38271604938271603,0.5378787878787878,0.2,20.0
Benjamin Becker,2017-03-20,Hard,All-Court Balanced,163.0,365.0,4.95,1.65,5.45,2.45,0.3333333333333333,0.44954128440366975,0.25,20.0
Aleksandr Nedovyesov,2017-04-07,Clay,All-Court Balanced,195.0,278.0,6.7,1.85,7.75,4.0,0.27611940298507465,0.5161290322580645,0.15,20.0
Grega Zemlja,2017-04-07,Hard,All-Court Balanced,148.0,406.0,7.15,2.85,8.7,5.6,0.3986013986013986,0.6436781609195402,0.45,20.0
Christian Lindell,2017-04-07,Clay,Unknown,363.0,127.0,5.571428571428571,2.0714285714285716,7.857142857142857,3.857142857142857,0.3717948717948718,0.4909090909090909,0.21428571428571427,14.0
Reda El Amrani,2017-04-10,Clay,Unknown,667.0,38.0,6.4,2.0,9.4,6.6,0.3125,0.7021276595744681,0.4,10.0
Juan Monaco,2017-04-10,Clay,Counter-Puncher,124.0,455.0,7.2,3.1,8.25,4.4,0.4305555555555556,0.5333333333333333,0.45,20.0
Maximo Gonzalez,2017-04-10,Clay,Counter-Puncher,163.0,361.0,6.85,2.7,10.55,6.45,0.39416058394160586,0.6113744075829384,0.3,20.0
Albert Montanes,2017-04-24,Clay,Baseline Grinder,312.0,155.0,5.9,2.55,5.55,3.1,0.4322033898305085,0.5585585585585585,0.5,20.0
Rajeev Ram,2017-07-17,Grass,Unknown,235.0,218.0,5.7,1.75,6.8,3.95,0.30701754385964913,0.5808823529411765,0.35,20.0
Austin Krajicek,2017-07-17,Grass,Unknown,274.0,187.0,5.2,1.75,6.75,3.9,0.33653846153846156,0.5777777777777777,0.4,20.0
Frank Dancevic,2017-07-17,Grass,Counter-Puncher,422.0,94.0,5.25,1.85,7.1,4.25,0.3523809523809524,0.5985915492957746,0.35,20.0
Sam Groth,2017-07-17,Grass,Unknown,201.0,262.0,3.7,1.15,6.15,3.55,0.3108108108108108,0.5772357723577236,0.25,20.0
Ivan Dodig,2017-07-17,Clay,Counter-Puncher,412.0,97.0,6.15,2.65,8.8,5.2,0.43089430894308944,0.5909090909090909,0.4,20.0
Tommy Haas,2017-07-31,Clay,Counter-Puncher,248.0,205.0,5.15,1.6,8.05,5.3,0.3106796116504854,0.6583850931677019,0.3,20.0
Brydan Klein,2017-07-31,Hard,Unknown,235.0,214.0,4.818181818181818,2.272727272727273,7.181818181818182,3.5454545454545454,0.4716981132075472,0.4936708860759494,0.2727272727272727,11.0
Dennis Novikov,2017-07-31,Hard,All-Court Balanced,219.0,238.0,5.666666666666667,2.0,5.6,3.2666666666666666,0.35294117647058826,0.5833333333333334,0.3333333333333333,15.0
Dmitry Tursunov,2017-08-28,Hard,All-Court Balanced,645.0,40.0,4.5,2.2,9.1,5.7,0.4888888888888889,0.6263736263736264,0.3,20.0
Kittipong Wachiramanowong,2017-09-15,Grass,Unknown,1109.0,8.0,6.25,3.125,7.0,3.625,0.5,0.5178571428571429,0.375,8.0
Paul Henri Mathieu,2017-09-18,Hard,Counter-Puncher,252.0,200.0,6.1,1.95,6.7,3.7,0.319672131147541,0.5522388059701493,0.25,20.0
Akira Santillan,2017-09-25,Hard,All-Court Balanced,163.0,341.0,4.25,1.875,4.375,1.75,0.4411764705882353,0.4,0.25,8.0
Mate Pavic,2017-09-25,Hard,Unknown,,,4.181818181818182,1.5454545454545454,6.363636363636363,3.6363636363636362,0.3695652173913043,0.5714285714285714,0.2727272727272727,11.0
Jerzy Janowicz,2017-10-16,Hard,All-Court Balanced,141.0,384.0,5.9,1.6,6.85,4.4,0.2711864406779661,0.6423357664233577,0.4,20.0
Teymuraz Gabashvili,2017-10-16,Hard,Counter-Puncher,229.0,220.0,9.5,3.65,10.75,6.5,0.38421052631578945,0.6046511627906976,0.3,20.0
Konstantin Kravchuk,2017-10-16,Hard,All-Court Balanced,260.0,195.0,5.7,1.95,8.35,5.2,0.34210526315789475,0.6227544910179641,0.25,20.0
Marco Chiudinelli,2017-10-23,Hard,Unknown,366.0,117.0,5.7,2.1,7.1,3.6,0.3684210526315789,0.5070422535211268,0.3,20.0
Guilherme Clezar,2018-04-06,Hard,Unknown,234.0,225.0,6.615384615384615,2.1538461538461537,9.0,4.923076923076923,0.32558139534883723,0.5470085470085471,0.07692307692307693,13.0
Frederik Nielsen,2018-04-07,Hard,Unknown,549.0,56.0,8.2,3.7,10.0,6.5,0.45121951219512196,0.65,0.5,20.0
Michal Przysiezny,2018-04-07,Hard,Big-Serve Aggressor,1139.0,6.0,5.05,1.65,7.9,4.65,0.32673267326732675,0.5886075949367089,0.15,20.0
Lamine Ouahab,2018-04-09,Clay,Unknown,617.0,43.0,4.75,2.25,6.75,3.5,0.47368421052631576,0.5185185185185185,0.375,16.0
Daniel Gimeno Traver,2018-04-30,Clay,Counter-Puncher,230.0,249.0,5.6,2.3,8.3,4.85,0.4107142857142857,0.5843373493975904,0.4,20.0
Alexandr Dolgopolov,2018-05-14,Clay,All-Court Balanced,54.0,966.0,5.75,2.55,5.9,3.35,0.4434782608695652,0.5677966101694916,0.55,20.0
Andreas Haider Maurer,2018-05-28,Clay,All-Court Balanced,412.0,96.0,4.4,1.4,8.4,4.6,0.3181818181818182,0.5476190476190477,0.15,20.0
Adam Pavlasek,2018-05-28,Clay,All-Court Balanced,185.0,317.0,6.285714285714286,3.0,8.357142857142858,4.857142857142857,0.4772727272727273,0.5811965811965812,0.42857142857142855,14.0
Victor Estrella,2018-07-16,Grass,Counter-Puncher,198.0,291.0,4.75,1.5,8.8,4.85,0.3157894736842105,0.5511363636363636,0.15,20.0
Nicolas Almagro,2018-07-23,Clay,All-Court Balanced,661.0,38.0,6.05,2.3,4.8,2.45,0.38016528925619836,0.5104166666666666,0.4,20.0
Vincent Millot,2018-07-30,Hard,Counter-Puncher,291.0,174.0,6.8,3.0,9.55,6.05,0.4411764705882353,0.6335078534031413,0.3,20.0
Gilles Muller,2018-08-27,Hard,All-Court Balanced,127.0,448.0,5.3,1.45,6.95,4.4,0.27358490566037735,0.6330935251798561,0.25,20.0
Florian Mayer,2018-08-27,Hard,Counter-Puncher,193.0,288.0,5.7,2.05,9.75,6.15,0.35964912280701755,0.6307692307692307,0.15,20.0
Julien Benneteau,2018-08-27,Hard,All-Court Balanced,60.0,891.0,7.65,2.65,8.9,5.4,0.3464052287581699,0.6067415730337079,0.45,20.0
Horacio Zeballos,2018-09-14,Clay,All-Court Balanced,152.0,373.0,4.75,2.1,8.35,5.9,0.4421052631578947,0.7065868263473054,0.45,20.0
Luis Patino,2018-09-15,Clay,Unknown,762.0,27.0,9.375,3.375,11.75,7.25,0.36,0.6170212765957447,0.375,8.0
Adrian Ungur,2018-09-15,Clay,Unknown,674.0,36.0,4.85,2.2,9.2,5.15,0.4536082474226804,0.5597826086956522,0.25,20.0
Kenny De Schepper,2018-09-17,Hard,Unknown,186.0,298.0,5.85,1.8,7.7,4.85,0.3076923076923077,0.6298701298701299,0.3,20.0
Mikhail Youzhny,2018-09-17,Hard,Counter-Puncher,110.0,486.0,7.05,2.55,8.25,4.85,0.3617021276595745,0.5878787878787879,0.3,20.0
Jurgen Zopp,2018-10-15,Hard,Baseline Grinder,133.0,437.0,6.35,1.95,6.65,4.15,0.30708661417322836,0.6240601503759399,0.4,20.0
Jurgen Melzer,2018-10-22,Hard,Counter-Puncher,426.0,88.0,8.75,3.7,8.5,4.8,0.4228571428571429,0.5647058823529412,0.5,20.0
Luca Vanni,2019-01-14,Hard,Big-Serve Aggressor,163.0,325.0,3.9,1.2,5.8,3.25,0.3076923076923077,0.5603448275862069,0.25,20.0
Arthur De Greef,2019-02-01,Clay,Unknown,202.0,253.0,5.222222222222222,1.8888888888888888,8.444444444444445,4.888888888888889,0.3617021276595745,0.5789473684210527,0.3333333333333333,9.0
Daniel Brands,2019-02-04,Hard,Unknown,180.0,285.0,5.4,1.8,7.6,4.7,0.3333333333333333,0.618421052631579,0.3,20.0
Franko Skugor,2019-02-11,Hard,Unknown,351.0,63.0,6.25,2.35,8.6,5.1,0.376,0.5930232558139535,0.25,20.0
Rogerio Dutra Silva,2019-02-11,Clay,All-Court Balanced,138.0,407.0,5.45,2.2,6.8,3.85,0.4036697247706422,0.5661764705882353,0.3,20.0
Jared Donaldson,2019-03-04,Hard,Big-Serve Aggressor,192.0,270.0,6.85,2.8,7.75,4.45,0.40875912408759124,0.5741935483870968,0.35,20.0
Carlos Berlocq,2019-04-08,Clay,Counter-Puncher,177.0,299.0,4.95,2.1,8.2,4.45,0.42424242424242425,0.5426829268292683,0.2,20.0
Adrian Menendez Maceiras,2019-04-08,Clay,Unknown,139.0,408.0,5.65,2.1,7.75,4.35,0.37168141592920356,0.5612903225806452,0.3,20.0
David Ferrer,2019-05-06,Clay,Counter-Puncher,144.0,400.0,7.8,3.05,6.1,3.35,0.391025641025641,0.5491803278688525,0.45,20.0
Simone Bolelli,2019-05-27,Clay,Counter-Puncher,187.0,272.0,6.4,2.45,8.8,5.6,0.3828125,0.6363636363636364,0.45,20.0
Thiemo De Bakker,2019-06-10,Grass,All-Court Balanced,224.0,220.0,6.15,2.0,8.85,5.2,0.3252032520325203,0.5875706214689266,0.25,20.0
Marcos Baghdatis,2019-07-01,Grass,All-Court Balanced,135.0,420.0,7.55,2.75,5.95,3.4,0.36423841059602646,0.5714285714285714,0.45,20.0
Facundo Arguello,2019-07-15,Clay,Baseline Grinder,181.0,291.0,4.4375,1.6875,7.5625,3.5,0.38028169014084506,0.4628099173553719,0.0625,16.0
Viktor Galovic,2019-07-15,Clay,Unknown,197.0,259.0,6.625,2.25,7.125,3.75,0.33962264150943394,0.5263157894736842,0.375,8.0
Lucas Gomez,2019-07-29,Hard,Unknown,492.0,13.0,4.1,1.5,8.0,3.4,0.36585365853658536,0.425,0.1,10.0
Tim Smyczek,2019-07-29,Hard,Counter-Puncher,281.0,135.0,6.6,2.3,9.75,6.7,0.3484848484848485,0.6871794871794872,0.35,20.0
Peter Polansky,2019-08-05,Hard,Counter-Puncher,172.0,305.0,4.4,1.35,7.35,4.65,0.3068181818181818,0.6326530612244898,0.25,20.0
Tomas Berdych,2019-08-26,Hard,All-Court Balanced,98.0,540.0,7.5,2.9,6.05,3.7,0.38666666666666666,0.6115702479338843,0.6,20.0
Guillermo Garcia Lopez,2019-08-26,Hard,All-Court Balanced,165.0,326.0,5.3,1.8,7.1,4.25,0.33962264150943394,0.5985915492957746,0.35,20.0
Tobias Kamke,2019-08-26,Hard,Counter-Puncher,231.0,201.0,6.3,2.9,7.1,3.5,0.4603174603174603,0.49295774647887325,0.4,20.0
Marcel Granollers,2019-09-16,Hard,Counter-Puncher,100.0,551.0,5.9,2.55,5.45,2.95,0.4322033898305085,0.5412844036697247,0.4,20.0
Dudi Sela,2019-09-16,Hard,Counter-Puncher,146.0,373.0,8.0,3.45,8.05,4.1,0.43125,0.5093167701863354,0.45,20.0
Matteo Viola,2019-09-16,Hard,Unknown,218.0,228.0,6.5625,2.6875,9.9375,5.375,0.4095238095238095,0.5408805031446541,0.25,16.0
Di Wu,2019-09-23,Hard,Unknown,339.0,116.0,7.2,2.95,9.35,5.3,0.4097222222222222,0.5668449197860963,0.3,20.0
Ze Zhang,2019-10-07,Hard,Baseline Grinder,338.0,121.0,6.75,3.1,7.75,4.4,0.45925925925925926,0.567741935483871,0.4,20.0
Janko Tipsarevic,2019-10-14,Hard,Counter-Puncher,251.0,180.0,7.7,3.2,9.3,5.75,0.4155844155844156,0.6182795698924731,0.4,20.0
Hyeon Chung,2019-10-21,Hard,Counter-Puncher,139.0,383.0,6.7,3.1,6.5,3.55,0.4626865671641791,0.5461538461538461,0.45,20.0
Nikola Mektic,2019-11-20,Hard,Unknown,,,5.4,1.6,6.4,3.1,0.2962962962962963,0.484375,0.2,10.0
Steve Darcis,2020-01-06,Hard,Counter-Puncher,200.0,242.0,4.1,1.7,8.8,5.5,0.4146341463414634,0.625,0.3,20.0
Michael Venus,2020-01-13,Hard,Unknown,,,2.9166666666666665,0.75,8.25,4.666666666666667,0.2571428571428571,0.5656565656565656,0.08333333333333333,12.0
Stephane Robert,2020-01-13,Hard,Counter-Puncher,661.0,30.0,5.5,2.1,8.1,4.25,0.38181818181818183,0.5246913580246914,0.2,20.0
Tatsuma Ito,2020-01-20,Hard,Unknown,146.0,362.0,6.5,2.65,7.05,3.7,0.4076923076923077,0.524822695035461,0.3,20.0
Yannick Maden,2020-02-03,Hard,Counter-Puncher,131.0,404.0,7.7,3.2,9.25,5.65,0.4155844155844156,0.6108108108108108,0.4,20.0
Joao Domingues,2020-02-17,Clay,Unknown,169.0,292.0,7.454545454545454,2.8181818181818183,8.545454545454545,5.2727272727272725,0.3780487804878049,0.6170212765957447,0.5454545454545454,11.0
Santiago Giraldo,2020-03-06,Clay,Counter-Puncher,292.0,140.0,8.0,3.0,9.5,5.2,0.375,0.5473684210526316,0.4,20.0
Harri Heliovaara,2020-03-06,Clay,Unknown,605.0,37.0,7.0,3.3,8.2,4.8,0.4714285714285714,0.5853658536585366,0.5,10.0
Blaz Kavcic,2020-03-06,Grass,Baseline Grinder,285.0,148.0,7.05,2.55,9.75,5.4,0.3617021276595745,0.5538461538461539,0.25,20.0
Go Soeda,2020-08-31,Hard,Unknown,119.0,480.0,5.25,2.15,7.15,4.25,0.4095238095238095,0.5944055944055944,0.35,20.0
Martin Klizan,2020-11-09,Hard,Counter-Puncher,150.0,419.0,6.7,2.85,10.2,6.0,0.4253731343283582,0.5882352941176471,0.25,20.0
Donald Young,2021-01-04,Hard,Baseline Grinder,327.0,135.0,4.75,1.55,8.75,4.9,0.3263157894736842,0.56,0.15,20.0
Ryan Harrison,2021-01-04,Hard,All-Court Balanced,481.0,73.0,4.95,1.85,6.1,4.25,0.37373737373737376,0.6967213114754098,0.35,20.0
Matthias Bachinger,2021-01-05,Hard,Counter-Puncher,279.0,189.0,7.55,2.25,8.25,5.2,0.2980132450331126,0.6303030303030303,0.45,20.0
Marsel Ilhan,2021-01-05,Hard,Baseline Grinder,571.0,51.0,6.6,2.9,8.9,4.85,0.4393939393939394,0.5449438202247191,0.4,20.0
Andrea Arnaboldi,2021-01-05,Hard,All-Court Balanced,267.0,206.0,6.6923076923076925,2.076923076923077,9.692307692307692,5.923076923076923,0.3103448275862069,0.6111111111111112,0.3076923076923077,13.0
Tristan Lamasine,2021-01-05,Hard,Unknown,271.0,204.0,5.0,2.75,7.625,4.5,0.55,0.5901639344262295,0.375,8.0
Nicolas Mahut,2021-02-02,Hard,All-Court Balanced,239.0,239.0,5.3,2.15,6.95,4.55,0.4056603773584906,0.6546762589928058,0.4,20.0
Frederico Ferreira Silva,2021-02-08,Hard,Unknown,185.0,356.0,6.25,3.125,5.0,2.125,0.5,0.425,0.375,8.0
Bernard Tomic,2021-02-08,Hard,Big-Serve Aggressor,233.0,253.0,4.4,1.65,8.4,5.25,0.375,0.625,0.35,20.0
John Patrick Smith,2021-02-22,Hard,Unknown,306.0,159.0,5.25,2.05,6.9,3.7,0.3904761904761905,0.5362318840579711,0.2,20.0
Leonardo Mayer,2021-03-08,Clay,Counter-Puncher,146.0,504.0,6.1,2.0,7.5,4.4,0.32786885245901637,0.5866666666666667,0.3,20.0
Mischa Zverev,2021-03-22,Hard,Counter-Puncher,280.0,209.0,3.4,1.15,7.35,4.3,0.3382352941176471,0.5850340136054422,0.2,20.0
Dustin Brown,2021-06-07,Grass,All-Court Balanced,303.0,181.0,5.0,1.9,6.9,4.25,0.38,0.6159420289855072,0.35,20.0
Viktor Troicki,2021-06-14,Grass,Counter-Puncher,230.0,294.0,4.85,1.9,6.75,4.05,0.3917525773195876,0.6,0.35,20.0
Lukas Lacko,2021-06-14,Grass,All-Court Balanced,214.0,319.0,6.1,2.0,6.45,3.7,0.32786885245901637,0.5736434108527132,0.4,20.0
James Ward,2021-06-21,Grass,All-Court Balanced,340.0,135.0,6.15,1.95,9.2,5.55,0.3170731707317073,0.6032608695652174,0.1,20.0
Yen Hsun Lu,2021-06-28,Grass,Counter-Puncher,625.0,45.0,5.75,2.35,6.85,3.7,0.40869565217391307,0.5401459854014599,0.3,20.0
Roger Federer,2021-06-28,Grass,All-Court Balanced,8.0,4815.0,9.5,3.35,6.05,4.05,0.3526315789473684,0.6694214876033058,0.75,20.0
Paolo Lorenzi,2021-07-12,Grass,All-Court Balanced,171.0,425.0,6.65,2.1,7.75,4.8,0.3157894736842105,0.6193548387096774,0.35,20.0
Gerardo Lopez Villasenor,2021-07-19,Hard,Unknown,654.0,41.0,8.375,2.875,7.5,4.125,0.34328358208955223,0.55,0.375,8.0
Mario Vilella Martinez,2021-07-26,Clay,All-Court Balanced,167.0,446.0,6.444444444444445,2.0,7.444444444444445,5.0,0.3103448275862069,0.6716417910447762,0.4444444444444444,9.0
Noah Rubin,2021-08-23,Hard,Counter-Puncher,306.0,176.0,4.8,2.05,8.65,5.25,0.4270833333333333,0.6069364161849711,0.3,20.0
Ivo Karlovic,2021-08-30,Hard,All-Court Balanced,221.0,309.0,3.4,0.9,4.55,2.95,0.2647058823529412,0.6483516483516484,0.3,20.0
Yuichi Sugita,2021-08-30,Hard,Counter-Puncher,131.0,612.0,4.75,2.0,8.25,4.85,0.42105263157894735,0.5878787878787879,0.4,20.0
Ruben Bemelmans,2021-09-18,Clay,Baseline Grinder,221.0,299.0,5.95,1.9,7.85,4.5,0.31932773109243695,0.5732484076433121,0.2,20.0
Gastao Elias,2021-09-18,Hard,All-Court Balanced,215.0,306.0,7.3,2.3,7.55,4.0,0.3150684931506849,0.5298013245033113,0.3,20.0
Ricardo Rodriguez,2021-09-18,Hard,Unknown,591.0,53.0,10.875,5.125,7.875,4.4375,0.47126436781609193,0.5634920634920635,0.6875,16.0
Ernests Gulbis,2021-09-18,Hard,All-Court Balanced,196.0,359.0,5.0,1.45,8.4,5.15,0.29,0.6130952380952381,0.2,20.0
Antoine Hoang,2021-09-20,Hard,Counter-Puncher,155.0,466.0,7.111111111111111,3.0,9.88888888888889,5.611111111111111,0.421875,0.5674157303370787,0.3333333333333333,18.0
Evgeny Donskoy,2021-10-18,Hard,Counter-Puncher,149.0,456.0,3.95,1.8,6.7,3.85,0.45569620253164556,0.5746268656716418,0.25,20.0
Sergiy Stakhovsky,2021-11-26,Hard,All-Court Balanced,216.0,293.0,5.35,1.7,7.05,4.2,0.3177570093457944,0.5957446808510638,0.3,20.0
Brayden Schnur,2022-01-03,Hard,All-Court Balanced,238.0,264.0,5.75,1.8,9.0,5.7,0.3130434782608696,0.6333333333333333,0.2,20.0
Salvatore Caruso,2022-01-17,Hard,Counter-Puncher,146.0,458.0,7.1,2.1,8.55,5.0,0.29577464788732394,0.5847953216374269,0.15,20.0
Prajnesh Gunneswaran,2022-01-31,Hard,Baseline Grinder,228.0,278.0,4.25,1.35,7.25,4.15,0.3176470588235294,0.5724137931034483,0.25,20.0
Federico Gaio,2022-01-31,Hard,All-Court Balanced,174.0,371.0,5.411764705882353,2.0,8.470588235294118,5.0588235294117645,0.3695652173913043,0.5972222222222222,0.17647058823529413,17.0
Gianluca Mager,2022-01-31,Hard,Baseline Grinder,67.0,947.0,5.3,2.0,5.6,2.95,0.37735849056603776,0.5267857142857143,0.4,20.0
Andrej Martin,2022-01-31,Clay,Counter-Puncher,115.0,624.0,7.05,3.0,10.35,5.7,0.425531914893617,0.5507246376811594,0.3,20.0
Nikola Milojevic,2022-01-31,Clay,All-Court Balanced,136.0,525.0,8.0,3.4615384615384617,7.615384615384615,4.076923076923077,0.4326923076923077,0.5353535353535354,0.46153846153846156,13.0
Cedrik Marcel Stebe,2022-02-07,Hard,Counter-Puncher,231.0,269.0,6.85,2.25,7.3,3.8,0.3284671532846715,0.5205479452054794,0.35,20.0
Juan Martin del Potro,2022-02-07,Clay,Unknown,753.0,28.0,7.9,3.0,4.05,2.5,0.379746835443038,0.6172839506172839,0.65,20.0
Thomas Fabbiano,2022-02-14,Hard,Counter-Puncher,192.0,336.0,7.55,2.7,8.85,5.85,0.3576158940397351,0.6610169491525424,0.35,20.0
Denis Istomin,2022-02-14,Hard,All-Court Balanced,267.0,208.0,3.6,1.25,7.0,4.45,0.3472222222222222,0.6357142857142857,0.25,20.0
Nicolas Kicker,2022-02-21,Clay,Unknown,203.0,297.0,6.55,2.9,7.3,4.05,0.44274809160305345,0.5547945205479452,0.4,20.0
Renzo Olivo,2022-02-21,Clay,Counter-Puncher,179.0,347.0,8.35,3.0,8.8,4.55,0.3592814371257485,0.5170454545454546,0.35,20.0
Roberto Quiroz,2022-03-04,Hard,Baseline Grinder,381.0,107.0,4.933333333333334,1.8666666666666667,5.466666666666667,3.533333333333333,0.3783783783783784,0.6463414634146342,0.4666666666666667,15.0
Filip Horansky,2022-03-04,Hard,Baseline Grinder,203.0,289.0,4.6,1.8,6.7,3.2,0.391304347826087,0.47761194029850745,0.2,10.0
Alejandro Gonzalez,2022-03-04,Hard,All-Court Balanced,453.0,81.0,5.8,2.0,8.45,4.4,0.3448275862068966,0.5207100591715976,0.2,20.0
Blaz Rola,2022-03-04,Clay,Counter-Puncher,179.0,337.0,6.65,2.25,8.6,5.35,0.3383458646616541,0.622093023255814,0.35,20.0
Laurynas Grigelis,2022-03-04,Grass,Baseline Grinder,1016.0,11.0,8.5625,3.1875,7.625,4.875,0.3722627737226277,0.639344262295082,0.4375,16.0
Sanjar Fayziev,2022-03-04,Hard,Counter-Puncher,510.0,62.0,5.090909090909091,1.3636363636363635,10.363636363636363,6.0,0.26785714285714285,0.5789473684210527,0.09090909090909091,11.0
Tommy Robredo,2022-04-18,Clay,Counter-Puncher,362.0,118.0,4.65,2.05,7.45,4.3,0.44086021505376344,0.5771812080536913,0.3,20.0
Philipp Kohlschreiber,2022-04-25,Clay,Counter-Puncher,132.0,486.0,6.0,2.25,8.7,5.55,0.375,0.6379310344827587,0.4,20.0
Juan Ignacio Londero,2022-05-23,Clay,Counter-Puncher,142.0,442.0,5.45,2.45,8.95,4.45,0.44954128440366975,0.4972067039106145,0.2,20.0
Jo-Wilfried Tsonga,2022-05-23,Clay,Unknown,297.0,168.0,3.1,0.85,7.3,4.85,0.27419354838709675,0.6643835616438356,0.15,20.0
Pablo Cuevas,2022-05-23,Clay,All-Court Balanced,149.0,418.0,5.8,2.25,6.7,4.05,0.3879310344827586,0.6044776119402985,0.35,20.0
Andreas Seppi,2022-06-06,Grass,Counter-Puncher,141.0,466.0,6.55,2.8,8.7,5.0,0.42748091603053434,0.5747126436781609,0.35,20.0
Jay Clarke,2022-06-27,Grass,Baseline Grinder,156.0,361.0,4.583333333333333,1.4166666666666667,8.416666666666666,5.25,0.3090909090909091,0.6237623762376238,0.16666666666666666,12.0
Christian Harrison,2022-06-27,Grass,All-Court Balanced,251.0,210.0,6.142857142857143,2.2142857142857144,7.428571428571429,4.357142857142857,0.36046511627906974,0.5865384615384616,0.42857142857142855,14.0
Nicola Kuhn,2022-07-18,Clay,Counter-Puncher,259.0,190.0,6.636363636363637,2.4545454545454546,7.0,3.090909090909091,0.3698630136986301,0.44155844155844154,0.2727272727272727,11.0
Gerald Melzer,2022-07-25,Clay,All-Court Balanced,188.0,283.0,7.05,2.9,7.65,4.05,0.41134751773049644,0.5294117647058824,0.35,20.0
Aljaz Bedene,2022-08-29,Hard,Counter-Puncher,347.0,130.0,6.65,2.6,7.75,4.65,0.39097744360902253,0.6,0.3,20.0
Sam Querrey,2022-08-29,Hard,All-Court Balanced,287.0,172.0,4.0,0.9,5.25,2.85,0.225,0.5428571428571428,0.2,20.0
Peter Gojowczyk,2022-08-29,Hard,All-Court Balanced,108.0,500.0,4.05,1.55,7.7,4.05,0.38271604938271603,0.525974025974026,0.2,20.0
Henri Laaksonen,2022-09-19,Hard,Counter-Puncher,125.0,434.0,5.5,1.95,8.2,4.75,0.35454545454545455,0.5792682926829268,0.3,20.0
Stefan Kozlov,2022-09-19,Hard,All-Court Balanced,108.0,503.0,5.95,2.05,9.65,5.5,0.3445378151260504,0.5699481865284974,0.25,20.0
Edan Leshem,2022-09-26,Hard,Unknown,446.0,87.0,5.0,2.2222222222222223,5.333333333333333,2.6666666666666665,0.4444444444444444,0.5,0.5555555555555556,9.0
Mirza Basic,2022-09-26,Hard,All-Court Balanced,292.0,168.0,5.25,1.9,7.5,3.85,0.3619047619047619,0.5133333333333333,0.15,20.0
Hiroki Moriya,2022-10-03,Hard,Baseline Grinder,253.0,193.0,4.6923076923076925,2.076923076923077,9.23076923076923,5.461538461538462,0.4426229508196721,0.5916666666666667,0.23076923076923078,13.0
Lukas Rosol,2022-10-17,Hard,Counter-Puncher,226.0,235.0,6.75,2.4,7.8,4.9,0.35555555555555557,0.6282051282051282,0.45,20.0
Gilles Simon,2022-10-31,Hard,Counter-Puncher,188.0,295.0,7.0,3.1,7.95,4.35,0.44285714285714284,0.5471698113207547,0.5,20.0
Michail Pervolarakis,2023-01-02,Hard,Unknown,506.0,70.0,3.8181818181818183,1.3636363636363635,6.0,2.8181818181818183,0.35714285714285715,0.4696969696969697,0.09090909090909091,11.0
John Millman,2023-01-16,Hard,Counter-Puncher,140.0,410.0,6.35,2.2,7.6,4.6,0.3464566929133858,0.6052631578947368,0.35,20.0
Jenson Brooksby,2023-01-16,Hard,Counter-Puncher,39.0,1010.0,6.0,3.2,8.4,5.65,0.5333333333333333,0.6726190476190477,0.55,20.0
Yuki Bhambri,2023-02-03,Hard,All-Court Balanced,571.0,55.0,7.1,3.0,9.05,5.2,0.4225352112676056,0.574585635359116,0.3,20.0
Antoine Bellier,2023-02-06,Hard,All-Court Balanced,190.0,313.0,4.5,1.9166666666666667,6.75,4.25,0.42592592592592593,0.6296296296296297,0.4166666666666667,12.0
Federico Delbonis,2023-02-06,Clay,Counter-Puncher,131.0,426.0,5.05,2.1,7.9,4.35,0.4158415841584158,0.5506329113924051,0.25,20.0
Thomaz Bellucci,2023-02-20,Clay,Counter-Puncher,915.0,14.0,7.4,2.7,9.7,5.35,0.36486486486486486,0.5515463917525774,0.2,20.0
Malek Jaziri,2023-02-27,Hard,Counter-Puncher,444.0,95.0,3.7,1.85,8.6,5.05,0.5,0.5872093023255814,0.3,20.0
Nikoloz Basilashvili,2023-03-06,Hard,Big-Serve Aggressor,118.0,481.0,4.45,1.65,7.55,3.8,0.3707865168539326,0.5033112582781457,0.25,20.0
Jack Sock,2023-04-03,Clay,All-Court Balanced,166.0,359.0,6.2,2.6,7.6,4.65,0.41935483870967744,0.6118421052631579,0.4,20.0
Pedro Sousa,2023-04-03,Clay,Counter-Puncher,475.0,82.0,5.2,1.95,8.4,4.9,0.375,0.5833333333333334,0.3,20.0
Alessandro Giannessi,2023-04-03,Clay,Baseline Grinder,224.0,254.0,8.1,3.0,11.25,7.75,0.37037037037037035,0.6888888888888889,0.4,20.0
Fernando Verdasco,2023-04-17,Clay,Counter-Puncher,244.0,229.0,5.95,2.25,8.45,4.8,0.37815126050420167,0.5680473372781065,0.25,20.0
Pablo Andujar,2023-04-17,Clay,Counter-Puncher,323.0,155.0,7.6,2.95,8.8,4.6,0.3881578947368421,0.5227272727272727,0.3,20.0
Kyle Edmund,2023-05-08,Clay,Counter-Puncher,473.0,85.0,6.25,1.95,7.15,3.85,0.312,0.5384615384615384,0.25,20.0
Nino Serdarusic,2023-05-22,Clay,All-Court Balanced,307.0,165.0,2.0,1.1111111111111112,5.777777777777778,3.7777777777777777,0.5555555555555556,0.6538461538461539,0.2222222222222222,9.0
Filip Krajinovic,2023-05-29,Clay,Big-Serve Aggressor,93.0,661.0,4.85,2.05,8.7,4.85,0.422680412371134,0.5574712643678161,0.25,20.0
Nick Kyrgios,2023-06-12,Grass,Big-Serve Aggressor,25.0,1375.0,6.2,2.8,3.9,2.8,0.45161290322580644,0.717948717948718,0.8,20.0
Feliciano Lopez,2023-06-26,Grass,All-Court Balanced,634.0,45.0,3.95,1.3,8.25,5.3,0.3291139240506329,0.6424242424242425,0.25,20.0
Jeremy Chardy,2023-07-03,Grass,All-Court Balanced,542.0,65.0,5.25,2.15,8.8,5.15,0.4095238095238095,0.5852272727272727,0.3,20.0
Ryan Peniston,2023-07-03,Grass,Unknown,268.0,207.0,6.416666666666667,2.1666666666666665,6.25,3.8333333333333335,0.33766233766233766,0.6133333333333333,0.5,12.0
Mikael Ymer,2023-07-03,Grass,Counter-Puncher,59.0,831.0,6.9,2.8,8.25,4.9,0.4057971014492754,0.593939393939394,0.35,20.0
Dennis Novak,2023-07-31,Clay,Counter-Puncher,166.0,361.0,3.95,1.15,7.25,3.85,0.2911392405063291,0.5310344827586206,0.15,20.0
Bjorn Fratangelo,2023-07-31,Hard,All-Court Balanced,695.0,38.0,6.2,2.55,7.9,4.85,0.4112903225806452,0.6139240506329114,0.3,20.0
Bradley Klahn,2023-07-31,Hard,All-Court Balanced,797.0,26.0,3.45,1.15,7.45,4.75,0.3333333333333333,0.6375838926174496,0.2,20.0
Kevin Anderson,2023-07-31,Hard,All-Court Balanced,652.0,45.0,3.85,1.0,5.5,3.75,0.2597402597402597,0.6818181818181818,0.35,20.0
Gonzalo Lama,2023-07-31,Hard,Baseline Grinder,410.0,110.0,6.333333333333333,2.2222222222222223,4.888888888888889,3.0,0.3508771929824561,0.6136363636363636,0.4444444444444444,9.0
Jason Jung,2023-07-31,Hard,Counter-Puncher,276.0,206.0,6.6,2.15,7.4,4.1,0.32575757575757575,0.5540540540540541,0.3,20.0
Illya Marchenko,2023-08-21,Hard,Baseline Grinder,267.0,221.0,7.2,2.65,5.5,2.65,0.3680555555555556,0.4818181818181818,0.35,20.0
Andrey Kuznetsov,2023-08-21,Hard,All-Court Balanced,,,8.25,2.9,6.95,3.55,0.3515151515151515,0.5107913669064749,0.3,20.0
Guido Pella,2023-08-28,Hard,Counter-Puncher,203.0,305.0,6.65,2.6,8.8,5.6,0.39097744360902253,0.6363636363636364,0.45,20.0
Attila Balazs,2023-08-28,Hard,Counter-Puncher,,,5.85,2.5,9.0,5.45,0.42735042735042733,0.6055555555555555,0.4,20.0
Stefano Travaglia,2023-08-28,Hard,Counter-Puncher,233.0,272.0,5.55,2.35,6.95,3.6,0.42342342342342343,0.5179856115107914,0.3,20.0
Marco Cecchinato,2023-08-28,Hard,Counter-Puncher,109.0,549.0,4.55,1.9,8.75,5.5,0.4175824175824176,0.6285714285714286,0.4,20.0
Ilya Ivashka,2023-08-28,Hard,Counter-Puncher,103.0,571.0,6.05,2.6,9.2,5.75,0.4297520661157025,0.625,0.35,20.0
John Isner,2023-08-28,Hard,All-Court Balanced,157.0,400.0,4.9,1.15,3.9,2.8,0.23469387755102042,0.717948717948718,0.45,20.0
Luke Saville,2023-09-20,Hard,Unknown,313.0,176.0,4.625,2.25,10.75,6.5,0.4864864864864865,0.6046511627906976,0.25,8.0
Zhe Li,2023-09-20,Hard,Counter-Puncher,602.0,55.0,5.5,2.0,8.857142857142858,4.642857142857143,0.36363636363636365,0.5241935483870968,0.21428571428571427,14.0
Kimmer Coppejans,2023-09-20,Hard,Counter-Puncher,186.0,326.0,5.631578947368421,1.894736842105263,8.263157894736842,4.526315789473684,0.3364485981308411,0.5477707006369427,0.15789473684210525,19.0
Calvin Hemery,2023-11-06,Hard,Unknown,205.0,307.0,4.5,1.5,7.3,3.6,0.3333333333333333,0.4931506849315068,0.2,10.0
Alexandar Lazarov,2023-11-06,Hard,Unknown,709.0,38.0,4.625,1.25,7.625,4.125,0.2702702702702703,0.5409836065573771,0.25,8.0
Steven Diez,2024-01-01,Hard,Counter-Puncher,314.0,170.0,5.071428571428571,1.9285714285714286,8.285714285714286,4.571428571428571,0.38028169014084506,0.5517241379310345,0.14285714285714285,14.0
Borna Gojo,2024-01-08,Hard,All-Court Balanced,91.0,664.0,6.75,2.1,5.45,3.4,0.3111111111111111,0.6238532110091743,0.5,20.0
Jason Kubler,2024-01-15,Hard,Counter-Puncher,113.0,561.0,5.35,2.45,7.25,3.95,0.45794392523364486,0.5448275862068965,0.35,20.0
Jiri Vesely,2024-01-15,Hard,All-Court Balanced,293.0,188.0,6.2,2.2,8.5,5.4,0.3548387096774194,0.6352941176470588,0.5,20.0
Zsombor Piros,2024-02-02,Hard,Counter-Puncher,129.0,505.0,10.454545454545455,3.3636363636363638,9.272727272727273,5.0,0.3217391304347826,0.5392156862745098,0.45454545454545453,11.0
Mohamed Safwat,2024-02-02,Clay,Counter-Puncher,358.0,138.0,6.45,2.75,8.4,4.9,0.4263565891472868,0.5833333333333334,0.3,20.0
Emilio Gomez,2024-02-02,Clay,Counter-Puncher,307.0,175.0,5.6,1.85,8.2,4.4,0.33035714285714285,0.5365853658536586,0.25,20.0
Viktor Durasovic,2024-02-02,Hard,Counter-Puncher,413.0,110.0,4.105263157894737,1.4736842105263157,7.947368421052632,4.526315789473684,0.358974358974359,0.5695364238410596,0.2631578947368421,19.0
Cem Ilkel,2024-02-02,Hard,All-Court Balanced,284.0,198.0,4.25,1.75,5.4,2.6,0.4117647058823529,0.48148148148148145,0.25,20.0
Altug Celikbilek,2024-02-02,Hard,Counter-Puncher,371.0,131.0,6.0,2.5294117647058822,7.117647058823529,4.470588235294118,0.4215686274509804,0.628099173553719,0.5294117647058824,17.0
Kamil Majchrzak,2024-02-02,Hard,Counter-Puncher,807.0,25.0,5.7,2.3,7.5,4.75,0.40350877192982454,0.6333333333333333,0.4,20.0
Dmitry Popko,2024-02-03,Clay,Counter-Puncher,338.0,150.0,6.777777777777778,2.4444444444444446,9.0,5.0,0.36065573770491804,0.5555555555555556,0.4444444444444444,9.0
Tung Lin Wu,2024-02-03,Hard,All-Court Balanced,238.0,255.0,6.375,1.875,6.875,4.625,0.29411764705882354,0.6727272727272727,0.25,8.0
Dimitar Kuzmanov,2024-02-03,Hard,Baseline Grinder,225.0,269.0,5.75,2.7,7.6,4.6,0.46956521739130436,0.6052631578947368,0.35,20.0
Marius Copil,2024-02-03,Hard,All-Court Balanced,283.0,198.0,4.7,1.6,7.45,4.75,0.3404255319148936,0.6375838926174496,0.35,20.0
Ricardas Berankis,2024-02-03,Hard,Counter-Puncher,248.0,238.0,5.7,2.0,6.1,3.2,0.3508771929824561,0.5245901639344263,0.45,20.0
Aisam Ul Haq Qureshi,2024-02-03,Grass,Big-Serve Aggressor,,,5.5,1.8,5.1,3.3,0.32727272727272727,0.6470588235294118,0.5,20.0
Wishaya Trongcharoenchaikul,2024-02-03,Clay,Unknown,780.0,29.0,6.823529411764706,2.2941176470588234,7.588235294117647,4.823529411764706,0.33620689655172414,0.6356589147286822,0.5882352941176471,17.0
Steve Johnson,2024-02-05,Hard,All-Court Balanced,246.0,240.0,3.3,1.3,5.55,3.25,0.3939393939393939,0.5855855855855856,0.35,20.0
Tennys Sandgren,2024-02-05,Hard,All-Court Balanced,281.0,200.0,4.95,1.55,6.5,3.7,0.31313131313131315,0.5692307692307692,0.3,20.0
Dino Prizmic,2024-02-12,Hard,Counter-Puncher,171.0,361.0,5.6,2.7,7.1,3.6,0.48214285714285715,0.5070422535211268,0.3,10.0
Ernesto Escobedo,2024-02-26,Hard,All-Court Balanced,493.0,82.0,6.4,2.2,8.2,4.8,0.34375,0.5853658536585366,0.3,20.0
Alex Molcan,2024-02-26,Clay,Counter-Puncher,135.0,473.0,7.35,3.15,10.1,6.6,0.42857142857142855,0.6534653465346535,0.55,20.0
Juan Manuel Cerundolo,2024-02-26,Clay,Counter-Puncher,161.0,393.0,6.45,2.45,9.2,5.35,0.3798449612403101,0.5815217391304348,0.4,20.0
Bernabe Zapata Miralles,2024-03-04,Hard,Counter-Puncher,144.0,457.0,6.45,2.2,8.75,4.6,0.34108527131782945,0.5257142857142857,0.2,20.0
Abedallah Shelbayh,2024-04-01,Clay,Counter-Puncher,230.0,265.0,6.153846153846154,2.230769230769231,7.615384615384615,4.538461538461538,0.3625,0.5959595959595959,0.23076923076923078,13.0
Denis Kudla,2024-04-01,Clay,Counter-Puncher,160.0,409.0,5.85,2.15,7.35,3.7,0.36752136752136755,0.5034013605442177,0.3,20.0
Alexander Ritschard,2024-04-01,Clay,Baseline Grinder,194.0,309.0,7.111111111111111,2.3333333333333335,8.222222222222221,5.0,0.328125,0.6081081081081081,0.3333333333333333,9.0
Patrick Kypson,2024-04-01,Clay,All-Court Balanced,133.0,472.0,5.125,2.125,8.0,4.875,0.4146341463414634,0.609375,0.375,8.0
Michael Mmoh,2024-04-01,Clay,Counter-Puncher,123.0,507.0,5.85,2.45,6.7,4.45,0.4188034188034188,0.664179104477612,0.6,20.0
Joao Sousa,2024-04-01,Clay,Counter-Puncher,272.0,209.0,4.95,1.85,8.4,4.7,0.37373737373737376,0.5595238095238095,0.25,20.0
Jurij Rodionov,2024-04-15,Clay,All-Court Balanced,118.0,520.0,6.45,1.65,5.7,3.4,0.2558139534883721,0.5964912280701754,0.4,20.0
Carlos Taberner,2024-04-15,Clay,Counter-Puncher,352.0,144.0,5.0,2.35,7.85,4.65,0.47,0.5923566878980892,0.3,20.0
Facundo Bagnis,2024-04-22,Clay,Counter-Puncher,136.0,460.0,5.5,2.2,7.55,4.5,0.4,0.5960264900662252,0.35,20.0
Francesco Passaro,2024-05-06,Clay,Counter-Puncher,240.0,248.0,4.0588235294117645,1.6470588235294117,6.352941176470588,3.235294117647059,0.4057971014492754,0.5092592592592593,0.35294117647058826,17.0
Giulio Zeppieri,2024-05-27,Clay,All-Court Balanced,148.0,420.0,7.368421052631579,2.6315789473684212,7.894736842105263,4.7894736842105265,0.35714285714285715,0.6066666666666667,0.3157894736842105,19.0
Tim Van Rijthoven,2024-06-10,Grass,All-Court Balanced,,,5.2631578947368425,2.0,5.842105263157895,3.8421052631578947,0.38,0.6576576576576577,0.5263157894736842,19.0
Andy Murray,2024-06-17,Grass,All-Court Balanced,129.0,498.0,5.6,1.85,6.2,3.65,0.33035714285714285,0.5887096774193549,0.35,20.0
Oscar Otte,2024-06-17,Grass,All-Court Balanced,474.0,92.0,5.45,1.9,6.2,3.5,0.3486238532110092,0.5645161290322581,0.3,20.0
Gijs Brouwer,2024-06-24,Grass,Counter-Puncher,190.0,317.0,6.3,1.95,5.65,3.55,0.30952380952380953,0.6283185840707964,0.45,20.0
Liam Broady,2024-07-01,Grass,Counter-Puncher,156.0,384.0,7.5,3.1,8.5,5.15,0.41333333333333333,0.6058823529411764,0.45,20.0
Paul Jubb,2024-07-01,Grass,Counter-Puncher,201.0,301.0,8.625,2.5,6.125,2.75,0.2898550724637681,0.4489795918367347,0.375,8.0
Lloyd Harris,2024-07-01,Grass,All-Court Balanced,118.0,541.0,6.0,1.35,4.9,3.05,0.225,0.6224489795918368,0.35,20.0
Lucas Pouille,2024-07-01,Grass,All-Court Balanced,212.0,284.0,7.7,2.9,9.7,5.8,0.37662337662337664,0.5979381443298969,0.35,20.0
Stefano Napolitano,2024-07-15,Clay,All-Court Balanced,125.0,497.0,8.222222222222221,2.888888888888889,7.333333333333333,4.444444444444445,0.35135135135135137,0.6060606060606061,0.3333333333333333,9.0
Pedro Cachin,2024-07-15,Clay,All-Court Balanced,110.0,568.0,5.35,2.1,8.1,3.8,0.3925233644859813,0.4691358024691358,0.15,20.0
Leandro Riedi,2024-07-15,Clay,Counter-Puncher,134.0,473.0,5.2,1.7,6.6,3.8,0.3269230769230769,0.5757575757575758,0.3,10.0
Juan Pablo Varillas,2024-07-15,Clay,Counter-Puncher,162.0,367.0,5.65,2.5,8.7,5.0,0.4424778761061947,0.5747126436781609,0.3,20.0
Emilio Nava,2024-07-15,Grass,Big-Serve Aggressor,148.0,415.0,3.7058823529411766,1.2941176470588236,7.352941176470588,3.823529411764706,0.3492063492063492,0.52,0.17647058823529413,17.0
Marc Polmans,2024-07-15,Grass,Counter-Puncher,217.0,278.0,8.85,3.45,10.3,6.0,0.3898305084745763,0.5825242718446602,0.3,20.0
Benoit Paire,2024-07-15,Grass,Big-Serve Aggressor,227.0,261.0,5.75,2.1,9.35,5.05,0.3652173913043478,0.5401069518716578,0.2,20.0
Alex Bolt,2024-07-15,Grass,Big-Serve Aggressor,210.0,292.0,6.65,2.25,6.15,3.35,0.3383458646616541,0.5447154471544715,0.4,20.0
Felipe Meligeni Alves,2024-07-15,Clay,Unknown,144.0,427.0,6.142857142857143,2.357142857142857,7.071428571428571,4.285714285714286,0.38372093023255816,0.6060606060606061,0.35714285714285715,14.0
Rudolf Molleker,2024-07-15,Clay,All-Court Balanced,197.0,309.0,4.352941176470588,1.3529411764705883,7.117647058823529,4.235294117647059,0.3108108108108108,0.5950413223140496,0.29411764705882354,17.0
Vit Kopriva,2024-07-22,Clay,Baseline Grinder,113.0,553.0,5.588235294117647,2.764705882352941,7.0,3.2941176470588234,0.49473684210526314,0.47058823529411764,0.35294117647058826,17.0
Nicolas Moreno De Alboran,2024-07-22,Clay,All-Court Balanced,143.0,430.0,4.0,1.3125,5.75,3.75,0.328125,0.6521739130434783,0.375,16.0
Guido Andreozzi,2024-07-22,Clay,Counter-Puncher,406.0,118.0,6.1,2.55,8.55,5.05,0.4180327868852459,0.5906432748538012,0.3,20.0
Filip Misolic,2024-07-22,Clay,Counter-Puncher,228.0,258.0,6.375,2.625,8.125,4.625,0.4117647058823529,0.5692307692307692,0.5,16.0
Enzo Couacaud,2024-07-22,Clay,Counter-Puncher,205.0,292.0,6.9,2.6,9.1,5.4,0.37681159420289856,0.5934065934065934,0.2,10.0
Matthew Ebden,2024-07-29,Clay,Counter-Puncher,,,4.75,2.25,5.5,3.25,0.47368421052631576,0.5909090909090909,0.45,20.0
Milos Raonic,2024-07-29,Clay,All-Court Balanced,177.0,340.0,5.4,1.6,3.85,2.45,0.2962962962962963,0.6363636363636364,0.55,20.0
Robin Haase,2024-07-29,Clay,All-Court Balanced,1199.0,7.0,5.7,2.05,7.05,4.5,0.35964912280701755,0.6382978723404256,0.45,20.0
Andrea Vavassori,2024-07-29,Clay,Big-Serve Aggressor,206.0,291.0,5.15,2.25,7.65,4.95,0.4368932038834951,0.6470588235294118,0.45,20.0
Maxime Cressy,2024-07-29,Hard,Big-Serve Aggressor,173.0,345.0,4.95,1.3,6.6,4.25,0.26262626262626265,0.6439393939393939,0.15,20.0
J J Wolf,2024-07-29,Hard,Big-Serve Aggressor,143.0,436.0,6.15,2.0,8.4,4.55,0.3252032520325203,0.5416666666666666,0.3,20.0
Emil Ruusuvuori,2024-07-29,Hard,Counter-Puncher,71.0,773.0,5.3,2.2,7.3,4.75,0.41509433962264153,0.6506849315068494,0.5,20.0
Daniel Elahi Galan,2024-07-29,Hard,Counter-Puncher,124.0,486.0,6.8,2.25,8.3,4.9,0.33088235294117646,0.5903614457831325,0.3,20.0
Seong Chan Hong,2024-07-29,Hard,All-Court Balanced,175.0,343.0,6.5,2.6666666666666665,9.5,5.916666666666667,0.41025641025641024,0.6228070175438597,0.25,12.0
Vasek Pospisil,2024-08-05,Hard,All-Court Balanced,610.0,53.0,5.5,2.05,5.55,3.4,0.37272727272727274,0.6126126126126126,0.45,20.0
Brandon Holt,2024-08-12,Hard,Counter-Puncher,227.0,255.0,6.75,2.875,10.125,6.25,0.42592592592592593,0.6172839506172839,0.25,8.0
Nicolas Mejia,2024-08-19,Hard,Counter-Puncher,235.0,245.0,4.777777777777778,1.8888888888888888,6.888888888888889,3.5555555555555554,0.3953488372093023,0.5161290322580645,0.1111111111111111,9.0
Federico Coria,2024-08-26,Hard,Counter-Puncher,79.0,714.0,6.85,2.95,8.25,4.25,0.4306569343065693,0.5151515151515151,0.35,20.0
Constant Lestienne,2024-08-26,Hard,All-Court Balanced,111.0,527.0,6.55,2.9,9.6,5.25,0.44274809160305345,0.546875,0.2,20.0
Diego Schwartzman,2024-08-26,Hard,Counter-Puncher,244.0,236.0,5.6,2.1,8.35,4.35,0.375,0.5209580838323353,0.2,20.0
Jan Choinski,2024-08-26,Hard,Counter-Puncher,276.0,199.0,5.777777777777778,2.4444444444444446,10.777777777777779,7.555555555555555,0.4230769230769231,0.7010309278350515,0.2222222222222222,9.0
Albert Ramos,2024-08-26,Hard,Counter-Puncher,122.0,483.0,5.65,2.4,8.1,4.3,0.4247787610619469,0.5308641975308642,0.25,20.0
Camilo Ugo Carabelli,2024-08-26,Hard,Counter-Puncher,93.0,608.0,5.416666666666667,2.9166666666666665,11.25,6.666666666666667,0.5384615384615384,0.5925925925925926,0.3333333333333333,12.0
Sebastian Ofner,2024-08-26,Hard,Counter-Puncher,58.0,904.0,7.1,2.8,8.7,5.25,0.39436619718309857,0.603448275862069,0.4,20.0
Christopher Eubanks,2024-08-26,Hard,Big-Serve Aggressor,106.0,545.0,4.5,1.55,6.25,3.75,0.34444444444444444,0.6,0.35,20.0
Hugo Grenier,2024-08-26,Hard,All-Court Balanced,173.0,341.0,6.35,2.4,8.85,4.9,0.3779527559055118,0.5536723163841808,0.3,20.0
Soon Woo Kwon,2024-08-26,Hard,All-Court Balanced,340.0,145.0,6.25,2.2,7.7,4.85,0.352,0.6298701298701299,0.35,20.0
Radu Albot,2024-08-26,Hard,Counter-Puncher,138.0,424.0,7.75,3.05,8.75,5.05,0.3935483870967742,0.5771428571428572,0.4,20.0
Max Purcell,2024-08-26,Hard,All-Court Balanced,97.0,585.0,5.45,1.9,5.7,3.45,0.3486238532110092,0.6052631578947368,0.5,20.0
Sebastian Korda,2024-08-26,Hard,Big-Serve Aggressor,16.0,2545.0,6.95,2.55,4.4,2.9,0.3669064748201439,0.6590909090909091,0.75,20.0
Francisco Comesana,2024-08-26,Hard,All-Court Balanced,108.0,532.0,6.6,2.6,9.2,5.5,0.3939393939393939,0.5978260869565217,0.4,10.0
Tomas Barrios Vera,2024-09-12,Hard,Baseline Grinder,162.0,370.0,5.25,1.85,9.3,5.75,0.3523809523809524,0.6182795698924731,0.35,20.0
Mackenzie Mcdonald,2024-09-13,Hard,Counter-Puncher,149.0,387.0,7.05,2.95,7.55,3.65,0.41843971631205673,0.48344370860927155,0.25,20.0
Hugo Dellien,2024-09-13,Clay,Counter-Puncher,106.0,529.0,5.25,2.15,7.65,4.25,0.4095238095238095,0.5555555555555556,0.3,20.0
Aziz Dougaz,2024-09-13,Clay,Unknown,228.0,252.0,7.777777777777778,3.3333333333333335,8.88888888888889,5.333333333333333,0.42857142857142855,0.6,0.5555555555555556,9.0
Aqeel Khan,2024-09-14,Hard,Unknown,,,5.166666666666667,2.3333333333333335,9.583333333333334,6.583333333333333,0.45161290322580644,0.6869565217391305,0.5833333333333334,12.0
Darian King,2024-09-14,Hard,Counter-Puncher,1230.0,6.0,8.85,3.95,8.45,4.9,0.4463276836158192,0.5798816568047337,0.5,20.0
Marcelo Arevalo,2024-09-14,Clay,All-Court Balanced,,,9.615384615384615,5.153846153846154,5.615384615384615,3.3076923076923075,0.536,0.589041095890411,0.7692307692307693,13.0
Elliot Benchetrit,2024-09-14,Clay,All-Court Balanced,670.0,44.0,5.6,1.8,8.3,3.9,0.32142857142857145,0.46987951807228917,0.2,10.0
Benjamin Balleret,2024-09-14,Clay,Baseline Grinder,,,6.230769230769231,2.6923076923076925,9.461538461538462,5.076923076923077,0.43209876543209874,0.5365853658536586,0.23076923076923078,13.0
Jose Rubin Statham,2024-09-14,Hard,Baseline Grinder,837.0,23.0,6.294117647058823,1.9411764705882353,7.705882352941177,4.0588235294117645,0.308411214953271,0.5267175572519084,0.23529411764705882,17.0
Cristian Garin,2024-09-15,Hard,Counter-Puncher,115.0,508.0,7.2,2.45,7.35,4.75,0.3402777777777778,0.6462585034013606,0.45,20.0
Norbert Gombos,2024-09-15,Hard,Big-Serve Aggressor,408.0,114.0,5.85,2.1,7.35,4.15,0.358974358974359,0.564625850340136,0.3,20.0
Jozef Kovalik,2024-09-15,Hard,Counter-Puncher,113.0,511.0,6.8,2.5,9.05,5.55,0.36764705882352944,0.6132596685082873,0.4,20.0
Marco Trungelliti,2024-09-18,Hard,Counter-Puncher,138.0,423.0,5.45,2.05,8.0,4.75,0.3761467889908257,0.59375,0.35,20.0
Mitchell Krueger,2024-09-18,Hard,Baseline Grinder,140.0,409.0,5.0,2.0,6.45,3.95,0.4,0.6124031007751938,0.35,20.0
Yasutaka Uchiyama,2024-09-18,Hard,All-Court Balanced,160.0,370.0,6.85,2.0,8.25,5.15,0.291970802919708,0.6242424242424243,0.25,20.0
Chun Hsin Tseng,2024-09-18,Hard,All-Court Balanced,121.0,489.0,4.95,1.6,6.8,3.95,0.32323232323232326,0.5808823529411765,0.25,20.0
Adam Walton,2024-09-18,Hard,Counter-Puncher,94.0,604.0,6.0,1.9230769230769231,6.923076923076923,4.3076923076923075,0.32051282051282054,0.6222222222222222,0.23076923076923078,13.0
Yannick Hanfmann,2024-09-18,Hard,Big-Serve Aggressor,95.0,594.0,6.75,1.9,4.6,2.85,0.2814814814814815,0.6195652173913043,0.6,20.0
Alibek Kachmazov,2024-09-18,Hard,Unknown,252.0,226.0,8.375,3.125,6.25,2.75,0.373134328358209,0.44,0.5,8.0
Shintaro Mochizuki,2024-09-25,Hard,Counter-Puncher,146.0,408.0,5.833333333333333,1.8333333333333333,8.722222222222221,4.666666666666667,0.3142857142857143,0.535031847133758,0.16666666666666666,18.0
Billy Harris,2024-10-02,Hard,Baseline Grinder,106.0,552.0,5.857142857142857,1.4285714285714286,5.642857142857143,4.071428571428571,0.24390243902439024,0.7215189873417721,0.5714285714285714,14.0
Li Tu,2024-10-02,Hard,Counter-Puncher,191.0,304.0,3.7777777777777777,1.3333333333333333,5.888888888888889,3.2222222222222223,0.35294117647058826,0.5471698113207547,0.1111111111111111,9.0
Yoshihito Nishioka,2024-10-02,Hard,Counter-Puncher,60.0,854.0,6.75,2.65,6.25,4.0,0.3925925925925926,0.64,0.6,20.0
Rinky Hijikata,2024-10-02,Hard,Counter-Puncher,78.0,718.0,6.65,2.65,9.25,5.2,0.39849624060150374,0.5621621621621622,0.4,20.0
Ramkumar Ramanathan,2024-10-02,Hard,Baseline Grinder,332.0,153.0,5.5,1.5,5.35,2.95,0.2727272727272727,0.5514018691588785,0.25,20.0
Reilly Opelka,2024-10-02,Hard,Big-Serve Aggressor,309.0,167.0,4.45,1.2,5.1,3.3,0.2696629213483146,0.6470588235294118,0.45,20.0
Luca Nardi,2024-10-02,Hard,Counter-Puncher,89.0,649.0,5.45,1.95,8.05,4.55,0.3577981651376147,0.5652173913043478,0.25,20.0
Pablo Carreno Busta,2024-10-02,Hard,Counter-Puncher,203.0,287.0,7.2,3.05,7.7,4.7,0.4236111111111111,0.6103896103896104,0.45,20.0
Egor Gerasimov,2024-10-02,Hard,All-Court Balanced,304.0,170.0,5.85,2.0,6.9,3.65,0.3418803418803419,0.5289855072463768,0.3,20.0
Mattia Bellucci,2024-10-02,Hard,Big-Serve Aggressor,101.0,574.0,6.857142857142857,2.0714285714285716,7.857142857142857,5.285714285714286,0.3020833333333333,0.6727272727272727,0.42857142857142855,14.0
Terence Atmane,2024-10-02,Hard,Baseline Grinder,161.0,369.0,5.769230769230769,2.4615384615384617,7.846153846153846,4.615384615384615,0.4266666666666667,0.5882352941176471,0.3076923076923077,13.0
Yi Zhou,2024-10-02,Hard,All-Court Balanced,440.0,97.0,6.777777777777778,2.888888888888889,6.777777777777778,3.6666666666666665,0.4262295081967213,0.5409836065573771,0.4444444444444444,9.0
Zachary Svajda,2024-10-02,Hard,Baseline Grinder,131.0,452.0,6.85,2.35,8.05,4.45,0.34306569343065696,0.5527950310559007,0.3,20.0
Yosuke Watanuki,2024-10-02,Hard,All-Court Balanced,336.0,149.0,6.0,1.7,7.35,4.85,0.2833333333333333,0.6598639455782312,0.4,20.0
Yibing Wu,2024-10-02,Hard,Big-Serve Aggressor,560.0,63.0,5.7,2.45,7.25,4.1,0.4298245614035088,0.5655172413793104,0.4,20.0
Novak Djokovic,2024-10-02,Hard,All-Court Balanced,4.0,5560.0,9.6,3.55,4.25,2.9,0.3697916666666667,0.6823529411764706,0.9,20.0
Marc Andrea Huesler,2024-10-14,Hard,All-Court Balanced,152.0,383.0,4.4,1.75,7.0,4.9,0.3977272727272727,0.7,0.25,20.0
Elias Ymer,2024-10-14,Hard,Counter-Puncher,252.0,219.0,5.35,2.4,8.55,4.6,0.4485981308411215,0.5380116959064327,0.25,20.0
Thiago Agustin Tirante,2024-10-14,Hard,Counter-Puncher,121.0,484.0,6.75,2.375,6.375,3.5,0.35185185185185186,0.5490196078431373,0.5,16.0
Leo Borg,2024-10-14,Hard,Baseline Grinder,590.0,57.0,3.6666666666666665,1.3333333333333333,7.111111111111111,4.111111111111111,0.36363636363636365,0.578125,0.1111111111111111,9.0
Jaume Munar,2024-10-14,Hard,Counter-Puncher,65.0,844.0,9.8,3.25,8.8,5.05,0.33163265306122447,0.5738636363636364,0.3,20.0
Facundo Diaz Acosta,2024-10-14,Hard,Counter-Puncher,67.0,830.0,7.25,2.85,7.25,4.15,0.3931034482758621,0.5724137931034483,0.4,20.0
Alexey Vatutin,2024-10-14,Hard,Baseline Grinder,336.0,148.0,7.875,3.875,9.375,4.25,0.49206349206349204,0.4533333333333333,0.25,8.0
Dominik Koepfer,2024-10-14,Hard,Counter-Puncher,81.0,686.0,6.65,2.2,6.9,4.0,0.3308270676691729,0.5797101449275363,0.4,20.0
Damir Dzumhur,2024-10-14,Hard,Counter-Puncher,100.0,584.0,6.65,2.65,5.8,2.6,0.39849624060150374,0.4482758620689655,0.4,20.0
Coleman Wong,2024-10-14,Hard,All-Court Balanced,133.0,452.0,6.333333333333333,2.5555555555555554,4.888888888888889,2.888888888888889,0.40350877192982454,0.5909090909090909,0.5555555555555556,9.0
Mikhail Kukushkin,2024-10-14,Hard,Counter-Puncher,111.0,524.0,4.2,1.9,8.2,5.0,0.4523809523809524,0.6097560975609756,0.3,20.0
Timofey Skatov,2024-10-14,Hard,Counter-Puncher,192.0,299.0,6.285714285714286,2.5,8.571428571428571,4.857142857142857,0.3977272727272727,0.5666666666666667,0.42857142857142855,14.0
Benjamin Hassan,2024-10-14,Hard,All-Court Balanced,245.0,227.0,5.529411764705882,2.588235294117647,4.470588235294118,3.0,0.46808510638297873,0.6710526315789473,0.5882352941176471,17.0
Taro Daniel,2024-10-14,Hard,Counter-Puncher,89.0,636.0,4.0,1.5,6.9,3.6,0.375,0.5217391304347826,0.2,20.0
Maximilian Marterer,2024-10-14,Hard,All-Court Balanced,114.0,507.0,5.15,1.85,7.95,4.5,0.3592233009708738,0.5660377358490566,0.3,20.0
Borna Coric,2024-10-14,Hard,All-Court Balanced,96.0,595.0,4.95,1.9,6.8,4.25,0.3838383838383838,0.625,0.35,20.0
Aslan Karatsev,2024-10-14,Hard,Big-Serve Aggressor,139.0,425.0,5.4,1.95,6.3,3.65,0.3611111111111111,0.5793650793650794,0.35,20.0
Otto Virtanen,2024-10-14,Hard,All-Court Balanced,116.0,499.0,6.3,2.25,7.55,4.7,0.35714285714285715,0.6225165562913907,0.4,20.0
Daniel Evans,2024-10-14,Hard,Counter-Puncher,180.0,326.0,6.85,2.25,9.0,5.45,0.3284671532846715,0.6055555555555555,0.25,20.0
Aleksandar Vukic,2024-10-14,Hard,Big-Serve Aggressor,85.0,669.0,5.6,2.25,6.2,4.0,0.4017857142857143,0.6451612903225806,0.55,20.0
Felix Auger Aliassime,2024-10-21,Hard,Big-Serve Aggressor,19.0,2130.0,6.3,2.45,4.9,3.3,0.3888888888888889,0.673469387755102,0.55,20.0
Dominic Stricker,2024-10-21,Hard,All-Court Balanced,258.0,212.0,6.15,1.45,5.35,3.1,0.23577235772357724,0.5794392523364486,0.35,20.0
David Goffin,2024-10-21,Hard,Counter-Puncher,54.0,980.0,9.55,3.9,8.2,5.1,0.4083769633507853,0.6219512195121951,0.7,20.0
Alejandro Davidovich Fokina,2024-10-21,Hard,Counter-Puncher,62.0,860.0,7.9,3.4,8.25,5.25,0.43037974683544306,0.6363636363636364,0.45,20.0
Thiago Seyboth Wild,2024-10-21,Hard,Counter-Puncher,78.0,717.0,5.4,2.1,6.75,4.1,0.3888888888888889,0.6074074074074074,0.45,20.0
Kei Nishikori,2024-10-21,Hard,Counter-Puncher,141.0,418.0,7.8,2.45,6.95,4.15,0.3141025641025641,0.5971223021582733,0.5,20.0
Dominic Thiem,2024-10-21,Hard,All-Court Balanced,318.0,162.0,5.6,1.9,6.6,4.05,0.3392857142857143,0.6136363636363636,0.35,20.0
Gael Monfils,2024-10-21,Hard,All-Court Balanced,52.0,1010.0,6.6,2.35,6.8,4.35,0.3560606060606061,0.6397058823529411,0.55,20.0
Flavio Cobolli,2024-10-21,Hard,Big-Serve Aggressor,31.0,1482.0,6.2,2.45,7.8,5.05,0.3951612903225806,0.6474358974358975,0.65,20.0
Tommy Paul,2024-10-28,Hard,Big-Serve Aggressor,12.0,3180.0,8.85,3.35,6.35,4.3,0.3785310734463277,0.6771653543307087,0.65,20.0
Frances Tiafoe,2024-10-28,Hard,Big-Serve Aggressor,17.0,2585.0,7.4,2.7,6.0,4.05,0.36486486486486486,0.675,0.65,20.0
Hubert Hurkacz,2024-10-28,Hard,All-Court Balanced,14.0,2810.0,6.7,2.15,6.5,4.9,0.3208955223880597,0.7538461538461538,0.65,20.0
Tomas Machac,2024-10-28,Hard,Big-Serve Aggressor,25.0,1758.0,5.6,2.5,5.75,3.85,0.44642857142857145,0.6695652173913044,0.65,20.0
Zhizhen Zhang,2024-10-28,Hard,Big-Serve Aggressor,47.0,1145.0,5.15,1.75,4.1,2.05,0.33980582524271846,0.5,0.4,20.0
Matteo Arnaldi,2024-10-28,Hard,Big-Serve Aggressor,38.0,1335.0,6.8,3.05,7.85,4.5,0.4485294117647059,0.5732484076433121,0.45,20.0
Nicolas Jarry,2024-10-28,Hard,Big-Serve Aggressor,37.0,1365.0,4.55,1.55,7.95,5.45,0.34065934065934067,0.6855345911949685,0.4,20.0
Marcos Giron,2024-10-28,Hard,Big-Serve Aggressor,49.0,1105.0,6.35,2.45,5.9,3.6,0.3858267716535433,0.6101694915254238,0.55,20.0
Giovanni Mpetshi Perricard,2024-10-28,Hard,Big-Serve Aggressor,31.0,1519.0,3.0,1.15,4.35,3.1,0.38333333333333336,0.7126436781609196,0.55,20.0
Alejandro Tabilo,2024-10-28,Hard,Big-Serve Aggressor,22.0,2043.0,5.0,1.7,6.6,4.4,0.34,0.6666666666666666,0.3,20.0
Alexander Bublik,2024-10-28,Hard,Big-Serve Aggressor,33.0,1460.0,6.1,1.95,6.65,4.1,0.319672131147541,0.6165413533834586,0.35,20.0
Alexei Popyrin,2024-10-28,Hard,Big-Serve Aggressor,24.0,1775.0,7.1,2.55,5.9,4.05,0.3591549295774648,0.6864406779661016,0.7,20.0
Arthur Rinderknech,2024-10-28,Hard,Big-Serve Aggressor,60.0,872.0,6.65,2.0,6.15,4.05,0.3007518796992481,0.6585365853658537,0.55,20.0
Jack Draper,2024-10-28,Hard,Big-Serve Aggressor,15.0,2800.0,8.0,3.25,4.5,3.15,0.40625,0.7,0.75,20.0
Arthur Cazaux,2024-10-28,Hard,All-Court Balanced,85.0,678.0,5.85,2.35,6.0,3.65,0.4017094017094017,0.6083333333333333,0.4,20.0
Jordan Thompson,2024-10-28,Hard,All-Court Balanced,28.0,1571.0,6.4,2.75,5.75,3.45,0.4296875,0.6,0.65,20.0
Grigor Dimitrov,2024-10-28,Hard,Big-Serve Aggressor,9.0,3740.0,7.55,3.0,6.2,4.25,0.3973509933774834,0.6854838709677419,0.7,20.0
Stefanos Tsitsipas,2024-10-28,Hard,Big-Serve Aggressor,11.0,3325.0,5.8,2.35,5.0,3.2,0.4051724137931034,0.64,0.6,20.0
Karen Khachanov,2024-10-28,Hard,Big-Serve Aggressor,21.0,2225.0,7.6,2.95,4.85,2.7,0.3881578947368421,0.5567010309278351,0.7,20.0
Holger Rune,2024-10-28,Hard,Big-Serve Aggressor,13.0,3005.0,5.25,2.2,4.55,3.0,0.41904761904761906,0.6593406593406593,0.7,20.0
Ugo Humbert,2024-10-28,Hard,Big-Serve Aggressor,18.0,2385.0,7.25,2.9,4.65,3.1,0.4,0.6666666666666666,0.65,20.0
Roberto Bautista Agut,2024-11-04,Hard,Counter-Puncher,47.0,1151.0,6.95,2.75,7.8,5.2,0.39568345323741005,0.6666666666666666,0.65,20.0
Pedro Martinez,2024-11-04,Hard,Counter-Puncher,42.0,1270.0,6.5,2.4,7.7,4.1,0.36923076923076925,0.5324675324675324,0.35,20.0
Adrian Mannarino,2024-11-04,Hard,Counter-Puncher,54.0,1019.0,7.3,2.75,7.9,4.75,0.3767123287671233,0.6012658227848101,0.35,20.0
Thiago Monteiro,2024-11-04,Hard,Big-Serve Aggressor,100.0,609.0,4.65,1.75,5.45,3.7,0.3763440860215054,0.6788990825688074,0.45,20.0
Harold Mayot,2024-11-04,Hard,Counter-Puncher,107.0,567.0,5.157894736842105,2.1052631578947367,7.631578947368421,4.842105263157895,0.40816326530612246,0.6344827586206897,0.3684210526315789,19.0
Manuel Guinard,2024-11-04,Hard,Unknown,264.0,204.0,8.11111111111111,3.2222222222222223,11.88888888888889,8.0,0.3972602739726027,0.6728971962616822,0.4444444444444444,9.0
Roberto Carballes Baena,2024-11-04,Hard,Counter-Puncher,56.0,981.0,6.7,2.45,7.45,4.6,0.3656716417910448,0.6174496644295302,0.45,20.0
Alexander Shevchenko,2024-11-04,Hard,Big-Serve Aggressor,64.0,840.0,7.15,3.15,8.3,4.65,0.4405594405594406,0.5602409638554217,0.45,20.0
Sumit Nagal,2024-11-04,Hard,Counter-Puncher,83.0,697.0,7.15,2.3,9.4,5.65,0.32167832167832167,0.601063829787234,0.25,20.0
Gregoire Barrere,2024-11-04,Hard,Big-Serve Aggressor,166.0,362.0,6.7,2.6,7.9,5.05,0.3880597014925373,0.6392405063291139,0.35,20.0
Pierre Hugues Herbert,2024-11-04,Hard,Big-Serve Aggressor,127.0,471.0,6.85,2.4,7.65,4.65,0.35036496350364965,0.6078431372549019,0.35,20.0
Jesper De Jong,2024-11-04,Hard,All-Court Balanced,109.0,541.0,4.888888888888889,2.4444444444444446,9.555555555555555,5.444444444444445,0.5,0.5697674418604651,0.2222222222222222,9.0
Richard Gasquet,2024-11-04,Hard,Counter-Puncher,133.0,445.0,4.4,1.1,5.4,2.85,0.25,0.5277777777777778,0.2,20.0
Hugo Gaston,2024-11-04,Hard,Counter-Puncher,81.0,712.0,7.1,3.0,8.45,4.8,0.4225352112676056,0.5680473372781065,0.5,20.0
Lorenzo Sonego,2024-11-04,Hard,Big-Serve Aggressor,51.0,1046.0,5.95,2.0,4.5,2.85,0.33613445378151263,0.6333333333333333,0.5,20.0
Quentin Halys,2024-11-04,Hard,Big-Serve Aggressor,84.0,693.0,4.7,1.8,6.45,4.55,0.3829787234042553,0.7054263565891473,0.55,20.0
Bu Yunchaokete,2024-11-04,Hard,All-Court Balanced,72.0,749.0,5.625,2.4375,4.75,2.875,0.43333333333333335,0.6052631578947368,0.625,16.0
Zizou Bergs,2024-11-04,Hard,Big-Serve Aggressor,61.0,886.0,7.45,2.6,5.9,3.65,0.348993288590604,0.6186440677966102,0.55,20.0
Corentin Moutet,2024-11-04,Hard,Counter-Puncher,66.0,804.0,8.45,3.45,9.95,5.9,0.40828402366863903,0.592964824120603,0.4,20.0
Benjamin Bonzi,2024-11-04,Hard,Big-Serve Aggressor,124.0,473.0,7.05,2.25,7.45,4.35,0.3191489361702128,0.5838926174496645,0.35,20.0
Cameron Norrie,2024-11-04,Hard,Counter-Puncher,57.0,962.0,5.25,2.5,6.45,4.2,0.47619047619047616,0.6511627906976745,0.5,20.0
Marton Fucsovics,2024-11-04,Hard,Counter-Puncher,91.0,629.0,6.0,2.5,6.7,4.15,0.4166666666666667,0.6194029850746269,0.45,20.0
Miomir Kecmanovic,2024-11-04,Hard,Counter-Puncher,53.0,1021.0,7.55,2.7,6.45,3.5,0.3576158940397351,0.5426356589147286,0.45,20.0
Luciano Darderi,2024-11-04,Hard,Big-Serve Aggressor,43.0,1248.0,6.2,2.35,8.05,4.8,0.3790322580645161,0.5962732919254659,0.3,20.0
Alexandre Muller,2024-11-04,Hard,Counter-Puncher,68.0,790.0,6.8,2.75,8.15,4.9,0.40441176470588236,0.6012269938650306,0.45,20.0
James Duckworth,2024-11-04,Hard,Big-Serve Aggressor,77.0,731.0,3.95,1.3,6.0,3.95,0.3291139240506329,0.6583333333333333,0.35,20.0
Pavel Kotov,2024-11-04,Hard,Counter-Puncher,75.0,745.0,6.3,2.6,9.4,6.2,0.4126984126984127,0.6595744680851063,0.4,20.0
Brandon Nakashima,2024-11-04,Hard,Big-Serve Aggressor,37.0,1350.0,5.45,1.85,5.2,3.8,0.3394495412844037,0.7307692307692307,0.6,20.0
Fabio Fognini,2024-11-04,Hard,Counter-Puncher,74.0,745.0,6.15,2.8,7.8,4.65,0.45528455284552843,0.5961538461538461,0.45,20.0
Mariano Navone,2024-11-04,Hard,Counter-Puncher,45.0,1198.0,5.35,2.25,8.65,5.2,0.4205607476635514,0.6011560693641619,0.25,20.0
Stan Wawrinka,2024-11-04,Hard,All-Court Balanced,148.0,391.0,5.1,1.85,4.75,2.8,0.3627450980392157,0.5894736842105263,0.4,20.0
Nuno Borges,2024-11-04,Hard,Big-Serve Aggressor,33.0,1446.0,7.95,3.1,7.1,4.25,0.389937106918239,0.5985915492957746,0.55,20.0
Marin Cilic,2024-11-04,Hard,All-Court Balanced,196.0,298.0,5.85,2.2,6.45,4.05,0.37606837606837606,0.627906976744186,0.4,20.0
Tomas Martin Etcheverry,2024-11-04,Hard,Counter-Puncher,39.0,1315.0,7.1,2.4,6.95,4.45,0.3380281690140845,0.6402877697841727,0.5,20.0
Aleksandar Kovacevic,2024-11-04,Hard,All-Court Balanced,101.0,607.0,5.05,1.65,7.05,4.8,0.32673267326732675,0.6808510638297872,0.3,20.0
Roman Safiullin,2024-11-04,Hard,Big-Serve Aggressor,60.0,898.0,6.95,2.75,6.5,4.0,0.39568345323741005,0.6153846153846154,0.5,20.0
Dusan Lajovic,2024-11-04,Hard,Counter-Puncher,86.0,685.0,7.5,3.25,9.1,5.8,0.43333333333333335,0.6373626373626373,0.5,20.0
Duje Ajdukovic,2024-11-04,Hard,All-Court Balanced,115.0,506.0,6.357142857142857,2.642857142857143,5.571428571428571,2.2142857142857144,0.4157303370786517,0.3974358974358974,0.35714285714285715,14.0
Christopher Oconnell,2024-11-04,Hard,Counter-Puncher,71.0,765.0,5.65,1.7,5.45,3.25,0.3008849557522124,0.5963302752293578,0.4,20.0
Lukas Klein,2024-11-04,Hard,All-Court Balanced,153.0,380.0,6.85,2.05,6.05,3.75,0.29927007299270075,0.6198347107438017,0.45,20.0
Fabian Marozsan,2024-11-04,Hard,Big-Serve Aggressor,59.0,930.0,6.3,2.65,8.05,4.45,0.42063492063492064,0.5527950310559007,0.4,20.0
Jiri Lehecka,2024-11-04,Hard,Big-Serve Aggressor,31.0,1560.0,6.1,2.0,6.1,4.0,0.32786885245901637,0.6557377049180327,0.55,20.0
Laslo Djere,2024-11-04,Hard,All-Court Balanced,141.0,419.0,6.75,2.8,8.05,5.15,0.4148148148148148,0.639751552795031,0.4,20.0
Hamad Medjedovic,2024-11-04,Hard,Big-Serve Aggressor,156.0,378.0,6.5,2.1,6.1,4.4,0.3230769230769231,0.7213114754098361,0.65,20.0
Andrey Rublev,2024-11-11,Hard,Big-Serve Aggressor,8.0,3760.0,8.5,3.15,6.65,4.45,0.37058823529411766,0.6691729323308271,0.55,20.0
Daniil Medvedev,2024-11-11,Hard,Big-Serve Aggressor,4.0,4830.0,8.55,3.45,6.2,3.9,0.40350877192982454,0.6290322580645161,0.55,20.0
Alexander Zverev,2024-11-11,Hard,Big-Serve Aggressor,2.0,7315.0,7.3,2.75,4.25,3.05,0.3767123287671233,0.7176470588235294,0.8,20.0
Casper Ruud,2024-11-11,Hard,Big-Serve Aggressor,7.0,3855.0,5.55,2.25,5.25,3.2,0.40540540540540543,0.6095238095238096,0.45,20.0
Rafael Nadal,2024-11-19,Hard,Counter-Puncher,154.0,380.0,7.45,3.4,6.9,3.95,0.4563758389261745,0.572463768115942,0.6,20.0
Carlos Alcaraz,2024-11-19,Hard,Big-Serve Aggressor,3.0,7010.0,7.3,2.75,3.7,2.4,0.3767123287671233,0.6486486486486487,0.75,20.0
Gabriel Diallo,2024-11-20,Hard,Big-Serve Aggressor,86.0,643.0,7.4,2.8,6.5,3.95,0.3783783783783784,0.6076923076923076,0.5,20.0
Denis Shapovalov,2024-11-20,Hard,Big-Serve Aggressor,56.0,981.0,6.3,2.75,3.8,2.45,0.4365079365079365,0.6447368421052632,0.7,20.0
Francisco Cerundolo,2024-11-21,Hard,Counter-Puncher,30.0,1620.0,5.9,2.5,6.7,4.2,0.423728813559322,0.6268656716417911,0.5,20.0
Lorenzo Musetti,2024-11-21,Hard,Counter-Puncher,17.0,2600.0,7.7,2.65,6.8,3.75,0.34415584415584416,0.5514705882352942,0.6,20.0
Sebastian Baez,2024-11-21,Hard,Counter-Puncher,27.0,1690.0,7.4,2.45,8.55,5.35,0.3310810810810811,0.6257309941520468,0.4,20.0
Ben Shelton,2024-11-21,Hard,Big-Serve Aggressor,21.0,2330.0,4.85,1.95,4.8,3.85,0.4020618556701031,0.8020833333333334,0.65,20.0
Taylor Fritz,2024-11-21,Hard,Big-Serve Aggressor,4.0,5100.0,5.65,2.25,5.25,3.6,0.39823008849557523,0.6857142857142857,0.65,20.0
Daniel Altmaier,2024-11-22,Hard,Big-Serve Aggressor,88.0,640.0,6.4,2.45,6.85,3.85,0.3828125,0.5620437956204379,0.4,20.0
Jan Lennard Struff,2024-11-22,Hard,Big-Serve Aggressor,43.0,1240.0,6.8,2.1,6.8,4.65,0.3088235294117647,0.6838235294117647,0.6,20.0
Thanasi Kokkinakis,2024-11-23,Hard,All-Court Balanced,77.0,716.0,6.9,2.1,6.4,4.05,0.30434782608695654,0.6328125,0.5,20.0
Alex De Minaur,2024-11-23,Hard,Counter-Puncher,9.0,3745.0,7.3,3.65,6.8,4.05,0.5,0.5955882352941176,0.6,20.0
Botic Van De Zandschulp,2024-11-24,Hard,Counter-Puncher,80.0,712.0,6.9,2.8,7.45,4.7,0.4057971014492754,0.6308724832214765,0.45,20.0
Matteo Berrettini,2024-11-24,Hard,Big-Serve Aggressor,35.0,1380.0,5.8,2.25,4.8,3.3,0.3879310344827586,0.6875,0.65,20.0
Jannik Sinner,2024-11-24,Hard,All-Court Balanced,1.0,11830.0,7.25,2.95,3.5,2.8,0.4068965517241379,0.8,0.95,20.0
Tallon Griekspoor,2024-11-24,Hard,All-Court Balanced,40.0,1280.0,5.15,1.9,4.0,2.6,0.36893203883495146,0.65,0.55,20.0
Juncheng Shang,2024-12-18,Hard,Counter-Puncher,50.0,1115.0,7.65,2.8,6.8,4.35,0.3660130718954248,0.6397058823529411,0.55,20.0
Arthur Fils,2024-12-18,Hard,Big-Serve Aggressor,20.0,2355.0,6.6,2.25,5.5,3.6,0.3409090909090909,0.6545454545454545,0.6,20.0
Jakub Mensik,2024-12-18,Hard,Big-Serve Aggressor,48.0,1136.0,7.85,2.95,6.75,4.0,0.37579617834394907,0.5925925925925926,0.55,20.0
Alex Michelsen,2024-12-18,Hard,Counter-Puncher,41.0,1245.0,6.15,2.9,6.15,3.8,0.4715447154471545,0.6178861788617886,0.65,20.0
Luca Van Assche,2024-12-18,Hard,Counter-Puncher,128.0,471.0,6.25,2.15,7.15,4.25,0.344,0.5944055944055944,0.3,20.0
Joao Fonseca,2024-12-18,Hard,Big-Serve Aggressor,145.0,409.0,7.684210526315789,2.736842105263158,5.2631578947368425,3.0526315789473686,0.3561643835616438,0.58,0.5789473684210527,19.0
Learner Tien,2024-12-18,Hard,Counter-Puncher,122.0,493.0,6.909090909090909,2.6363636363636362,10.545454545454545,6.7272727272727275,0.3815789473684211,0.6379310344827587,0.5454545454545454,11.0
